id,name,surname,budget,address,city,phone
1,Paul,Dunn,738959.39,64 Dawn Circle,Trairi,55-(913)100-0563
2,Jose,Powell,466355.45,9095 Sachs Crossing,Tumpang,62-(303)188-4444
3,Shawn,Jenkins,168932.26,44658 Stuart Circle,Berlin,49-(408)974-9514
4,Dennis,Wagner,747134.52,0105 Leroy Avenue,Bangangté,237-(264)565-2921
5,Jane,Owens,954748.11,0290 Florence Alley,Urechcha,375-(107)144-8175
6,Shirley,Reyes,968754.89,84 Toban Way,Hondo Valle,1-(517)925-9839
7,Douglas,Webb,972987.21,27361 Ridgeview Circle,Vänersborg,46-(494)599-1651
8,Emily,Burton,789378.56,5923 Oxford Center,Kensington,1-(687)125-1872
9,Stephanie,Thomas,908841.12,9 Stoughton Circle,Dante Delgado,52-(605)656-8564
10,Kevin,Perkins,475943.34,156 Butterfield Street,Hekou,86-(936)887-3551
11,Michael,Howell,154274.56,57958 Graceland Junction,Syktyvkar,7-(805)761-0866
12,Catherine,Banks,282967.28,477 Eastwood Park,Västervik,46-(939)834-7940
13,Tina,Evans,579700.95,1 Burning Wood Point,Mogi Guaçu,55-(506)528-0630
14,William,Hawkins,738909.88,39 Clove Point,Ipoh,60-(243)900-1241
15,Ralph,Ellis,851157.36,141 Golden Leaf Court,Za‘tarah,970-(418)156-5654
16,Linda,Parker,426804.64,90656 Red Cloud Junction,Puger,62-(791)695-0101
17,Beverly,Harris,555143.26,5 Donald Point,Ngujung,62-(267)763-5663
18,Joseph,Ramirez,613552.72,46177 Rockefeller Alley,Qarqīn,93-(930)273-9334
19,Kelly,Walker,875900.32,32607 Park Meadow Junction,Thành Phố Thái Bình,84-(253)590-8800
20,Jane,Willis,735390.08,41 Myrtle Lane,Qozonketkan,998-(655)639-4162
21,James,Hart,280020.03,31434 Dahle Court,Guicheng,86-(314)333-8314
22,George,Graham,469343.59,22793 Blue Bill Park Center,Outeiro de Polima,351-(650)804-5383
23,Alice,Martin,852098.25,3 Bashford Crossing,Heshan,86-(914)464-9510
24,Albert,Gonzalez,711122.71,86 Melody Avenue,Malakwal City,92-(970)694-5328
25,Phillip,Woods,904604.72,727 Shelley Way,Baiqi,86-(469)451-4788
26,Bruce,Powell,759184.1,1 Lakewood Way,Pliwetan,62-(822)114-9744
27,Joshua,West,206285.74,60 Corry Point,Ankaran,386-(278)589-0721
28,Patricia,Lane,971325.79,711 Dottie Circle,Bandar-e ‘Asalūyeh,98-(303)141-2364
29,Jacqueline,Lewis,939387.06,10109 Fallview Junction,Žamberk,420-(475)988-1905
30,Anne,Gardner,237267.39,2 Mendota Hill,Argelia,57-(205)290-4356
31,Tammy,Phillips,671126.0,3 Crescent Oaks Drive,Qaşr Hallāl,216-(514)234-9047
32,Cheryl,Dunn,382621.44,8 Clarendon Crossing,Nagrog,62-(111)280-6539
33,Thomas,Dunn,212008.75,08194 Packers Park,Rontu,62-(908)820-4420
34,Joan,Kennedy,226643.47,57 Service Parkway,Penisihan,62-(988)508-1255
35,Nicole,Castillo,855674.31,9641 Texas Drive,Leeuwarden,31-(539)368-0967
36,Billy,Schmidt,151549.52,738 Cottonwood Street,Ternate,63-(664)622-6215
37,Willie,Myers,750249.94,8433 Shopko Park,Nanae,81-(557)588-5802
38,Alan,Hansen,710319.57,23990 Twin Pines Street,Battaramulla South,94-(996)859-1752
39,Ryan,Edwards,650558.0,584 Laurel Plaza,Hüremt,976-(663)292-7294
40,Ryan,Mcdonald,590284.83,053 Green Ridge Junction,Wakayama-shi,81-(573)153-0045
41,Diane,Evans,976649.83,59818 Springview Avenue,Nýřany,420-(212)419-2650
42,George,Sanchez,559247.9,25 Barby Hill,Dhamār,967-(782)512-0499
43,Joe,Kelly,448326.77,7 Fallview Road,Liuji,86-(183)596-1561
44,Kathleen,Howard,817427.21,3 Hermina Center,Sanjinquan,86-(783)813-3808
45,Evelyn,Burke,308375.69,9 Lien Center,Maindang,63-(111)638-7121
46,Craig,Daniels,897881.38,2720 Esker Road,Pucangkrajan,62-(709)304-5479
47,Mary,Richardson,711580.89,6024 Transport Park,Santa Paz,63-(944)520-5553
48,Ruth,Cole,815174.14,5 Shoshone Lane,Ban Muang,66-(671)910-9599
49,Matthew,Watson,430042.53,07370 Darwin Alley,Guisguis,63-(239)895-1705
50,Susan,Bell,278691.67,5 Becker Place,Aegela,62-(876)608-9029
51,Norma,Bowman,459184.09,840 Bashford Center,Merida,63-(380)549-9730
52,Stephen,Hunt,324234.71,30 Fulton Court,Viseu,55-(678)649-6634
53,Brandon,Frazier,249021.62,226 Fordem Avenue,Rodez,33-(506)937-6499
54,Marie,Bowman,909568.91,76 6th Alley,Istres,33-(214)770-7660
55,Brian,Hamilton,222212.74,882 Schlimgen Street,Tacheng,86-(556)120-8559
56,Nancy,Morris,216017.0,22158 Hoffman Street,El Paso,1-(915)637-6561
57,Emily,Bowman,579343.23,569 Mosinee Crossing,Tarvasjoki,358-(804)315-2973
58,Donald,Thompson,563806.31,08 Donald Alley,Bariri,55-(472)695-0940
59,Beverly,Meyer,882608.25,52 Mesta Street,Corga,351-(693)238-1601
60,Christine,Richardson,675333.97,66 Morrow Road,Klina,383-(140)450-4270
61,Jessica,Elliott,711657.29,33 Waxwing Terrace,Detusoko,62-(216)328-3934
62,Sarah,Carr,792213.29,6943 Portage Drive,Praya,62-(898)778-6734
63,Douglas,Webb,440391.88,9762 Heffernan Terrace,Denton,1-(214)204-0791
64,Chris,Scott,807416.25,26 Anniversary Junction,Matina,506-(863)752-8609
65,Jean,Hanson,275216.0,5 Jana Court,Ampasimanolotra,261-(536)518-0249
66,Timothy,Lewis,361122.37,46 Miller Place,Brejo da Madre de Deus,55-(426)392-8699
67,Nancy,Kennedy,397243.34,579 Vahlen Plaza,Patitírion,30-(968)264-9600
68,Elizabeth,Gonzales,930625.48,943 Sutteridge Way,Kamo,81-(851)676-4363
69,Ralph,Mitchell,676457.9,3500 Fallview Circle,Mpika,260-(581)841-1325
70,Brian,Arnold,899329.1,6266 Maple Wood Parkway,Klatakan,62-(958)393-0976
71,Raymond,Perez,699825.07,260 Monterey Street,Horní Suchá,420-(564)388-6284
72,Marie,Reed,772215.1,80514 Crescent Oaks Street,Labuhantanggabesar,62-(216)676-1493
73,Marilyn,Adams,418665.89,2483 Butterfield Hill,Pawłowiczki,48-(856)951-7697
74,Richard,Taylor,884029.71,7 Nevada Trail,Loutráki,30-(395)908-0256
75,Scott,Marshall,868209.84,200 Declaration Plaza,Çepan,355-(510)925-8622
76,Alan,Torres,327959.84,76 Norway Maple Circle,Sevan,374-(240)591-8684
77,Martin,Meyer,585158.94,84792 Petterle Trail,Rakitnoye,7-(608)705-4581
78,Wayne,Martinez,710065.54,08932 3rd Road,Nakamura,81-(371)166-3644
79,Rebecca,Mitchell,751960.45,01635 Hayes Drive,Aulnay-sous-Bois,33-(422)948-3326
80,Joseph,Medina,487297.78,65933 Warner Way,Xishanzui,86-(693)125-2323
81,Jennifer,Long,583645.05,7796 Hoard Park,Hongchang,86-(874)445-7502
82,Shawn,Day,357836.48,742 Anderson Park,Guozhuang,86-(124)927-1749
83,Sara,Howell,906426.24,44 Farmco Road,San Pedro,506-(325)962-9666
84,Joan,Washington,553509.0,1 Weeping Birch Way,Jinkou,86-(571)979-3984
85,Anthony,Hawkins,953817.55,0 Village Pass,Guandian,86-(750)664-5539
86,Phillip,Harrison,296461.83,52395 Northfield Center,Dolní Rychnov,420-(440)628-3898
87,William,Wood,778423.74,4136 Buena Vista Place,Şabbūrah,963-(749)393-9207
88,Henry,Grant,831048.92,95 Northland Pass,Yongxing Chengguanzhen,86-(742)430-9616
89,Craig,Day,577750.41,216 Heffernan Place,Foluo,86-(216)192-6444
90,Susan,Berry,277019.76,08902 Lotheville Terrace,Namwala,260-(602)890-2989
91,David,Burton,789335.73,88661 Sugar Park,Sanjō,81-(934)302-6502
92,Cheryl,Ellis,755802.29,9903 Sutherland Center,Fenoarivo Be,261-(118)537-5469
93,Tina,Holmes,550622.03,49144 Milwaukee Drive,Mezhdurechensk,7-(759)189-0442
94,Sarah,Jenkins,857636.48,49 Southridge Court,Iwonicz-Zdrój,48-(867)311-2549
95,Joshua,Dunn,219750.66,25185 Scofield Hill,Lawonda,62-(810)330-1429
96,Bruce,Carter,919800.75,8 Village Green Avenue,Shazhouba,86-(746)481-1065
97,Frances,Mason,958274.05,56 Oneill Street,Békéscsaba,36-(141)368-7086
98,Julia,Fuller,691498.32,44882 Waubesa Center,Musalerr,374-(126)417-6811
99,Philip,Bryant,482098.61,2 Farwell Parkway,Changliang,86-(439)316-3122
100,Theresa,Gomez,173781.79,29625 Gateway Avenue,Ampelákia,30-(805)436-8090
101,Lori,West,749178.68,213 Old Shore Drive,Anápolis,55-(446)871-2083
102,Patricia,Kim,724883.07,04 Emmet Center,Kamālia,92-(550)149-5594
103,Marie,Rodriguez,697892.0,66807 Basil Drive,Abaza,7-(937)898-3848
104,Robin,Wood,381927.73,823 Daystar Way,Shaxi,86-(250)816-0963
105,Jason,Jacobs,324336.67,8164 Shasta Street,Manglid,62-(277)499-8188
106,Daniel,Gray,881096.19,0391 Hayes Parkway,Duyang,86-(750)708-8240
107,Susan,Gordon,422131.69,23484 Fairview Pass,Shreveport,1-(318)110-4842
108,Brenda,Harper,771041.4,4690 Sachs Court,Piñahan,63-(835)915-4696
109,Ruth,Moreno,880290.72,2037 Victoria Alley,Belyye Berega,7-(636)545-8988
110,Jose,Coleman,917871.75,103 Montana Drive,Bocaiúva,55-(584)334-8625
111,Patrick,Ford,687384.51,1725 Scofield Parkway,Rosario,63-(466)611-2550
112,Debra,Ferguson,580704.02,02 Cardinal Point,Kim Sơn,84-(755)299-9480
113,Teresa,Moore,177690.16,34584 South Hill,Zhonglong,86-(760)308-4343
114,Dorothy,Hawkins,411527.35,92172 Sutteridge Park,Sindangsari,62-(508)992-9837
115,Alice,Stephens,932356.75,210 Orin Circle,Lombog,63-(960)208-1082
116,Scott,Johnson,757113.31,99164 Independence Terrace,Rio Grande,55-(108)507-4450
117,Todd,Campbell,356539.54,9 Coolidge Circle,Železnice,420-(731)980-9591
118,Steve,Bennett,211254.65,8317 Portage Point,Port-de-Bouc,33-(601)792-1978
119,Martin,Pierce,668455.64,24 Rigney Lane,Hagonoy,63-(200)831-3631
120,Betty,Perez,176455.31,05 Novick Drive,Mingjiu,86-(929)555-7104
121,Matthew,Jackson,813269.07,485 Anzinger Place,Mangaldan,63-(286)310-5720
122,Anthony,Chavez,501642.33,4321 Dottie Park,Ajuy,63-(760)166-5407
123,Deborah,Reyes,855223.06,12 Lake View Place,Mont-de-Marsan,33-(248)441-6980
124,Jose,Gonzales,325413.23,29 Golf View Circle,Alqueidão,351-(289)263-0717
125,Christopher,Riley,318143.57,5 Delladonna Plaza,Pangalangan,62-(336)665-5726
126,Cynthia,West,506502.92,4 Hayes Drive,Estrada,351-(566)231-0823
127,Andrew,Chapman,342372.51,5 Mifflin Place,Czarna Dąbrówka,48-(124)771-7735
128,Benjamin,Vasquez,703456.15,44706 Summit Plaza,Nantes,33-(424)667-0257
129,Evelyn,Lawrence,488400.44,49 Dottie Court,Taodian,86-(995)623-5850
130,Sean,Arnold,978282.11,69 Schmedeman Park,Koton Karifi,234-(849)976-0008
131,Rachel,Baker,884260.3,5373 Doe Crossing Road,Vouani,269-(700)549-4583
132,David,Warren,595794.58,55645 Bayside Street,Baitu,86-(195)420-2241
133,Anna,Torres,230626.0,00385 Del Mar Circle,Plesná,420-(352)525-6532
134,Nicholas,Webb,369872.55,27171 Waywood Junction,Liyang,86-(289)774-6124
135,Janet,Clark,663714.13,51644 Heath Lane,Cigoong,62-(213)591-7418
136,William,Ferguson,255055.27,690 Cottonwood Street,Jiangcheng,86-(949)459-3911
137,Terry,Cox,474237.92,37 Maple Way,Rizal,63-(593)859-1602
138,Frances,Stewart,847699.32,01 Meadow Vale Street,Castelo,351-(237)591-9413
139,Christina,Flores,979530.29,1222 Farmco Terrace,Vailoatai,1-(919)250-5214
140,Christopher,Welch,522627.45,18 Anhalt Road,Askersund,46-(474)670-9120
141,Mark,Fuller,784729.9,07869 Westerfield Terrace,Tawen Aobao,86-(991)612-0420
142,Charles,Black,503720.2,836 Packers Park,Kashima-shi,81-(294)701-8525
143,Kimberly,Armstrong,747335.51,75 Straubel Junction,Lailunggi,62-(686)794-1910
144,Bonnie,Patterson,568240.56,2 Washington Point,Vavoua,225-(686)787-4011
145,Albert,Patterson,783518.87,178 Carberry Avenue,Daugavgrīva,371-(595)519-4518
146,Kathleen,Bailey,261211.28,7135 Utah Lane,Louny,420-(274)217-5921
147,Jason,Payne,697528.25,740 Tomscot Court,La Guama,504-(819)895-0618
148,Carol,Peters,820570.63,7547 Rutledge Terrace,Vratsa,359-(943)845-5426
149,Ronald,Kim,991051.37,4 Oneill Avenue,Pallisa,256-(849)354-5788
150,Maria,Edwards,893627.58,7 Summerview Parkway,Vedène,33-(813)884-7451
151,Roy,Ferguson,909676.13,38717 Birchwood Street,Phước An,84-(714)637-7294
152,Marie,Schmidt,184311.89,8156 Manley Place,Jablunkov,420-(749)100-5854
153,Pamela,Stone,647828.97,50371 Sunbrook Court,Charlemagne,1-(597)701-9204
154,Dorothy,Bradley,820296.87,759 Charing Cross Road,San Andrés Xecul,502-(907)691-6462
155,Patrick,Owens,316629.57,5 Northview Junction,Nam Som,66-(869)987-5998
156,Matthew,Fox,441439.54,86 Dryden Court,Denver,1-(303)302-0351
157,Laura,Morales,365278.56,0827 Sommers Court,Telgawah,62-(408)327-7392
158,Melissa,Jacobs,408661.01,506 Amoth Place,Berovo,389-(429)300-7929
159,Alan,Gibson,758539.53,55394 Knutson Way,Citeureup,62-(761)470-4051
160,Billy,Harris,372427.55,794 Wayridge Junction,Banpu,86-(708)788-4075
161,Larry,Spencer,385239.82,89 Thackeray Court,Baise City,86-(143)275-7979
162,Virginia,Wheeler,890830.64,2 Norway Maple Drive,Panxi,86-(480)560-0061
163,Richard,Sullivan,653493.47,63382 Valley Edge Trail,Quinta,351-(289)622-6407
164,Edward,Richardson,574457.05,0 6th Circle,Kingsey Falls,1-(533)838-5537
165,Lawrence,Matthews,494450.64,1 Pine View Drive,Senador Pompeu,55-(292)161-8752
166,Denise,Kelley,180696.98,6173 Linden Alley,Granja do Tedo,351-(168)680-3283
167,James,Cruz,618057.43,94 Rockefeller Place,Creil,33-(996)873-6665
168,Louise,Harper,965039.59,43 School Junction,Tubel,62-(793)153-2923
169,Linda,Fox,740887.81,7 Bay Hill,Yushan,86-(517)992-6407
170,Melissa,Kelley,265050.59,88 Pleasure Point,Lublin,48-(176)506-7843
171,Michael,Cooper,454030.54,92 Division Park,Humpolec,420-(257)952-8810
172,Christina,Rivera,407069.0,5 Barnett Place,Burgos,63-(467)264-0302
173,Richard,Russell,765331.44,0721 Artisan Center,Narva,372-(932)298-5947
174,Angela,Olson,221383.24,2542 Prentice Way,Wawa,234-(282)646-8660
175,Rose,Morrison,336191.04,2 Crescent Oaks Lane,Tal’ne,380-(318)137-3038
176,Ruby,Mcdonald,960496.24,1 Buell Park,Ikar,62-(436)668-4991
177,Sara,White,683678.37,2302 Meadow Ridge Lane,Clermont-Ferrand,33-(960)526-3008
178,Denise,Jones,611450.38,125 Harbort Place,Yakovlevskoye,7-(234)579-0797
179,Diana,Rodriguez,285351.17,43566 Jay Place,Markópoulo Oropoú,30-(384)377-9789
180,Kimberly,Cunningham,470285.37,79925 Maple Alley,Suklayin,63-(963)971-7715
181,Jessica,Thompson,162675.57,677 Lyons Park,Saint George's,1-(781)504-5275
182,Ann,Stanley,847766.21,6 Hansons Hill,‘Attīl,970-(123)860-7066
183,Denise,Martin,898443.65,8 Heath Hill,Niitsu-honchō,81-(195)242-1075
184,William,Carpenter,685413.73,7111 Fairview Alley,Girijaya,62-(434)860-2847
185,Matthew,Rodriguez,808940.89,9 Norway Maple Hill,Gyeongsan-si,82-(372)769-7403
186,Laura,Mccoy,706568.02,11 Hayes Street,Kuta,234-(197)469-0139
187,Matthew,Sims,277839.11,63822 Thackeray Road,Molinos,54-(286)457-1766
188,Anna,Williamson,397877.17,89758 Elka Circle,Yinjiaxi,86-(154)986-1940
189,Thomas,Bradley,260703.46,7502 Gulseth Alley,Raciąż,48-(466)350-5440
190,Douglas,Williams,993643.06,1942 Schiller Parkway,Colcabamba,51-(782)208-9306
191,Carlos,Elliott,501607.02,57240 Menomonie Park,Yanjiatai,86-(746)716-8262
192,Stephanie,Jordan,301884.95,60488 Ridgeway Plaza,Socorro,63-(563)570-3332
193,Larry,Moore,316901.55,21275 Banding Street,Sali,385-(281)817-3739
194,Sarah,Nichols,731729.69,72599 Jana Alley,Tanjungpecinan Utara,62-(742)270-4646
195,Phillip,Burke,297819.98,86 Anhalt Junction,Wanglian,86-(303)219-7377
196,Henry,Owens,878847.0,180 Hoffman Park,Kisangani,242-(890)273-3550
197,Judy,Richardson,309345.05,67218 Dryden Junction,Lagoa,351-(912)854-6874
198,Doris,Ruiz,841100.03,45 Lindbergh Alley,Buôn Ma Thuột,84-(300)231-3434
199,Kelly,Willis,996478.58,1 Waubesa Street,Tejakalapa,62-(306)696-7630
200,Nicole,Johnson,484066.47,597 Vernon Alley,Buqei‘a,972-(345)605-4445
201,Willie,Reed,513357.08,90025 Union Road,Puutura,62-(955)715-7660
202,Norma,Phillips,157712.04,4 Corscot Terrace,Sop Moei,66-(371)756-4982
203,Samuel,Allen,711639.09,453 Mesta Hill,Narsaq,299-(632)897-5314
204,Kathy,Hunt,356302.31,93080 Debra Hill,Tandou,86-(899)349-4160
205,Jennifer,Hayes,908673.13,31 Transport Alley,Vilque Chico,51-(762)830-6546
206,Stephen,Taylor,907639.68,480 Forster Park,Cardona,63-(183)421-0896
207,Clarence,Wagner,325497.02,36014 Sycamore Point,Kikinda,381-(499)747-3952
208,Shawn,Berry,162723.99,916 Springview Way,Tadmur,963-(182)136-0651
209,Christina,Gibson,825537.86,36 4th Parkway,Garoua,237-(467)975-2405
210,Jeffrey,Cook,343653.39,0945 Stuart Junction,Santa Quitéria,55-(395)324-7995
211,Charles,Flores,848190.38,3363 Acker Pass,Dehī,93-(538)348-1605
212,Wayne,Stanley,465318.25,27420 Mosinee Center,Cercal,351-(589)293-0395
213,Gregory,Fisher,816830.48,875 Badeau Place,Skýros,30-(712)677-6050
214,Doris,Diaz,787661.15,8 Ryan Way,Musan-ŭp,850-(328)640-5398
215,Fred,Cooper,342365.0,1250 Pepper Wood Junction,Guji,86-(268)702-4714
216,Shirley,Bennett,703960.12,104 Summit Park,Newala Kisimani,255-(756)919-4341
217,Earl,Grant,548721.37,3 Bunting Plaza,Al Lagowa,249-(678)460-4321
218,Matthew,Ellis,773977.76,72 Scofield Alley,Yuecheng,86-(401)381-6250
219,Brenda,Gonzalez,621824.81,8 Granby Circle,Batulayang,62-(891)394-8228
220,Christina,Harper,323254.15,1 Becker Trail,Abilay,63-(585)573-0798
221,Stephanie,Allen,390536.39,778 Independence Court,Sérifos,30-(499)641-1302
222,Nicole,Marshall,501994.65,94280 Shasta Place,Longxian Chengguanzhen,86-(925)279-6329
223,Helen,Dunn,647582.0,4107 Little Fleur Avenue,San Francisco,506-(321)238-4493
224,Paul,Simpson,882409.49,0 Haas Circle,Formiga,55-(510)546-5248
225,David,Alexander,181556.95,655 Riverside Alley,Grenoble,33-(737)698-6049
226,Gregory,Hunter,509645.3,234 Schlimgen Parkway,Malimaneek,62-(103)333-5811
227,Margaret,Alexander,354856.07,97561 Daystar Lane,Charlottesville,1-(434)658-7682
228,Willie,Rogers,282228.8,8039 Fremont Avenue,Kanada,62-(104)235-4572
229,Catherine,Kelly,252042.28,72879 Oneill Court,Fubei,86-(716)118-9315
230,Howard,Hawkins,309962.04,5 Elgar Pass,Nakhon Pathom,66-(427)706-6585
231,Jimmy,Wallace,907748.39,51 Paget Point,Roseau,1-(545)407-5811
232,Nancy,Cook,974572.19,6 Morningstar Park,Xinó Neró,30-(211)368-5116
233,Frank,Greene,270751.45,75922 Monument Street,Biecz,48-(417)142-5797
234,Billy,Turner,209793.0,96 Mendota Street,Ban Mai,66-(508)150-5015
235,Rachel,Turner,772888.28,44 Shelley Terrace,Pórto Chéli,30-(615)641-8829
236,Matthew,Snyder,627230.75,5 Sheridan Street,Bečmen,381-(923)540-6292
237,Cynthia,Carr,810036.52,479 Bunker Hill Crossing,Luleå,46-(540)603-2968
238,Jacqueline,Weaver,378022.19,2335 Towne Hill,Tucupita,58-(338)259-6114
239,Cynthia,Kim,405065.21,318 Mesta Road,Dąbie,48-(457)373-8250
240,Jeremy,Peterson,525503.16,9571 Mitchell Plaza,Gyeongsan-si,82-(213)588-4650
241,Johnny,Richardson,693893.2,1861 Boyd Street,Tha Mai,66-(732)689-2949
242,Jane,Mills,435538.69,3359 Schiller Pass,Podosinovets,7-(453)391-6288
243,Eugene,Wagner,585013.0,0450 Porter Point,As Sukhnah,963-(328)696-1278
244,Carlos,Bradley,509679.75,4812 Sherman Court,Buyende,256-(856)183-5569
245,Jeffrey,Crawford,423127.61,1344 Kim Trail,Boé,33-(801)611-9968
246,Betty,Hughes,565667.29,71567 Morrow Park,Pangai,676-(544)389-4765
247,Phillip,Gibson,770749.78,46 Alpine Street,Cahuac,51-(511)462-6178
248,Alan,Jacobs,491921.35,922 Memorial Court,Portëz,355-(474)235-7181
249,Clarence,Cox,186852.96,243 Raven Parkway,Bereeda,252-(871)673-0551
250,Paula,Cole,533302.31,20474 Briar Crest Drive,Majiao,86-(269)643-5392
251,Jose,Harrison,270554.67,25596 John Wall Hill,Annecy,33-(404)368-8333
252,Cynthia,Morgan,193114.48,88274 Basil Drive,Bīr Nabālā,970-(532)935-3008
253,Jean,Harper,261350.73,011 Drewry Trail,Hammarö,46-(801)372-4632
254,Mildred,Ward,625251.49,35503 Westerfield Avenue,Batutua,62-(963)919-0197
255,Jose,Spencer,629509.95,535 Anniversary Crossing,Angoram,675-(552)770-1975
256,Raymond,Ruiz,990657.36,4 Atwood Junction,Changfeng,86-(817)176-3974
257,Norma,Mccoy,887891.0,04037 Ryan Lane,Wangon,62-(263)877-5799
258,Dennis,Smith,572492.13,5628 Sunnyside Drive,Mayakovski,374-(415)637-0533
259,Louis,White,156764.9,91 Bellgrove Road,Phúc Yên,84-(334)705-2340
260,Matthew,Hawkins,852978.46,492 Atwood Plaza,Sydney,61-(613)635-2630
261,John,Hicks,501955.13,8447 Sycamore Point,Chok Chai,66-(872)876-4778
262,Matthew,Murray,568750.88,68 Leroy Trail,Ash Shaykh Zuwayd,20-(596)948-4225
263,Aaron,Dixon,192000.27,95 Oak Valley Circle,Arrepiado,351-(204)742-5969
264,Carolyn,Anderson,869606.32,8 Crownhardt Junction,Visoko,387-(828)577-0640
265,Todd,Matthews,182510.71,6241 Kenwood Pass,Kėdainiai,370-(263)567-6765
266,Christine,Lynch,736340.78,21593 Dexter Circle,Broshniv-Osada,380-(532)690-4670
267,Frank,Graham,702092.2,83649 Arizona Alley,Huangjindong,86-(598)738-4413
268,Norma,Rogers,879740.82,111 Summer Ridge Hill,Khomutovo,7-(813)363-4652
269,Fred,Duncan,381815.09,7150 Scoville Drive,Mont-Joli,1-(439)692-6303
270,Marilyn,Foster,174059.62,12 Briar Crest Circle,Serpukhov,7-(415)543-8466
271,Amy,Gonzales,228189.46,308 Dottie Terrace,Karlstad,46-(985)923-6457
272,Carl,Hicks,967262.82,7766 Moulton Trail,Vallauris,33-(857)658-2306
273,Jeffrey,Matthews,423475.12,41674 Lien Center,Fontenay-sous-Bois,33-(821)245-0489
274,Kenneth,Fuller,995383.73,0242 Glacier Hill Point,Tirah,972-(715)216-8160
275,Virginia,Nelson,786389.43,503 Emmet Parkway,Keswick,1-(820)171-2930
276,Juan,Franklin,236021.58,7 Loeprich Park,Xiangzhu,86-(683)373-7109
277,Joe,Cox,264416.46,8511 Summerview Avenue,Santol,63-(135)916-0688
278,Shirley,Dunn,639967.77,65 Village Green Park,Liuqu,86-(394)294-6950
279,Gerald,Medina,354967.5,4775 Haas Junction,Almalaguês,351-(269)752-4725
280,Sarah,Hamilton,468145.33,4 Upham Lane,Intendente Alvear,54-(857)886-3572
281,Jack,Burns,933902.48,3314 Starling Way,Antou,86-(204)237-7303
282,Gregory,Howard,220460.55,5878 Redwing Crossing,Renliu,86-(828)841-5670
283,William,Barnes,567365.15,5097 Heath Pass,Magdalena,63-(311)151-1865
284,Elizabeth,Jacobs,878923.23,562 Leroy Plaza,Kamaris,374-(464)320-3147
285,Harold,Vasquez,367018.06,441 Steensland Plaza,Makabe,81-(742)444-3040
286,Harry,Greene,585381.96,9 Heath Alley,Buniaga,62-(624)119-6119
287,Gregory,Martin,191894.82,7362 Clemons Place,Melita,1-(960)726-6634
288,Karen,Nguyen,846719.81,366 Straubel Park,Coroico,591-(184)262-1321
289,Marie,Butler,795446.84,1 Hazelcrest Place,Rassvet,7-(363)710-9603
290,Diane,Rice,427875.02,5885 Express Hill,Siqu,86-(516)788-9463
291,Anne,Day,794098.36,103 Carberry Alley,Sępopol,48-(975)755-4055
292,Evelyn,Snyder,330435.63,619 Doe Crossing Point,Lantian,86-(891)647-9226
293,Joshua,Matthews,487003.49,49680 Ronald Regan Court,Bonoua,225-(317)596-8019
294,Nancy,Richardson,680847.27,132 Forest Hill,Limboto,62-(592)287-6841
295,Doris,Weaver,830548.52,9 Brickson Park Trail,Victoria,356-(863)949-5942
296,Ernest,Morgan,407674.24,61 Corry Crossing,Maoya,86-(223)234-8317
297,Philip,Powell,494491.3,75188 Luster Pass,Maunuri,62-(310)904-1195
298,Jeffrey,Lewis,957910.53,8 Farmco Park,Tovačov,420-(859)974-4475
299,Lisa,Reed,210847.66,795 Sommers Terrace,Gannan,86-(184)543-6261
300,Walter,Romero,372206.33,6755 Russell Park,Mbalmayo,237-(540)571-8774
301,Stephen,Ruiz,758590.96,81 Killdeer Drive,Pierreville,1-(755)601-3695
302,Lillian,Carter,255902.43,202 Emmet Center,Phù Mỹ,84-(182)736-4320
303,Lois,Harrison,989374.13,3 Golf Center,Shawnee Mission,1-(913)205-0078
304,Shirley,Hughes,307803.6,830 Michigan Road,Otlja,389-(222)302-3721
305,Kathryn,Butler,718709.07,6 Dexter Pass,Lianozovo,7-(131)478-9101
306,Betty,Gutierrez,462656.79,1 Cottonwood Lane,Uniejów,48-(820)771-7668
307,Joan,Hunt,160860.09,242 Duke Center,Parigi,62-(758)699-1543
308,Robert,Hunter,508730.93,22683 Sutteridge Plaza,Trstenik,381-(376)627-0456
309,Raymond,Morris,895783.85,5 Westend Terrace,Qo‘qon,998-(849)842-8672
310,Margaret,Lopez,975207.33,5 Pine View Place,Ciwidara,62-(301)666-9559
311,Henry,Knight,432819.23,5723 Morningstar Hill,Žabčice,420-(171)946-0205
312,Joshua,Ross,191866.26,91 Rutledge Center,Longxing,86-(941)681-5776
313,Joshua,Romero,537554.42,10 Mccormick Hill,Powassan,1-(259)278-0277
314,Michael,Allen,617381.55,7 Golf Course Center,Wysoka,48-(577)931-0515
315,Gloria,Hernandez,239685.01,8828 Melby Hill,Bokhan,7-(157)567-6426
316,Bonnie,Thomas,905347.0,77723 Thierer Hill,Laibin,86-(638)192-9560
317,Eugene,Holmes,757020.18,0320 Hoepker Court,Amersfoort,31-(386)152-0363
318,Roger,Gonzalez,988203.22,73 Thierer Circle,Gardēz,93-(415)526-7230
319,Ashley,Tucker,183571.66,7 Lake View Junction,Feteira Pequena,351-(732)803-1487
320,Jessica,Rogers,979931.38,6 Loeprich Trail,Ilinden,389-(809)679-8505
321,Kathy,Smith,753319.56,12996 Dwight Lane,Boje,234-(837)540-6919
322,David,Carroll,392232.43,8123 Browning Street,Međa,381-(748)641-6559
323,Christopher,Carr,606343.78,3064 Coolidge Terrace,Rostov-na-Donu,7-(253)767-3223
324,Carl,Nichols,487636.12,023 Sauthoff Junction,Thị Trấn Yên Ninh,84-(112)724-0093
325,Kimberly,Diaz,698633.46,3 Luster Avenue,Tomepampa,51-(520)839-2817
326,Howard,Bradley,561710.27,5 Del Sol Drive,Boisbriand,1-(569)126-1318
327,Barbara,Parker,946723.06,00 Service Avenue,Zhuxi,86-(498)264-6633
328,David,Lawrence,357483.92,8 Buena Vista Crossing,Distracción,57-(518)648-0934
329,Timothy,Hicks,895459.38,756 Clarendon Hill,Tatrang,86-(113)635-4918
330,Shawn,Stewart,485296.25,6163 Service Parkway,Tambarangan,62-(591)371-8639
331,Harry,Moreno,348867.54,5 Londonderry Park,Minūf,20-(267)727-0209
332,Roger,Patterson,956496.15,3 Randy Pass,Skhodnitsa,380-(420)824-1352
333,Kathleen,Moore,747039.94,6 Summerview Park,Lille,33-(756)425-4590
334,Tina,Sanders,980554.71,65 Michigan Pass,Voronkov,380-(455)449-3463
335,Samuel,Owens,508508.18,3912 Mcguire Court,Dianqian,86-(950)293-8280
336,Jimmy,Payne,440666.15,24 Huxley Parkway,Kyjov,420-(163)403-9104
337,Beverly,Holmes,548447.58,1662 3rd Pass,Banjar Penyalin,62-(445)191-6095
338,Denise,Ray,735803.09,0 Starling Parkway,Haputale,94-(732)346-2828
339,Stephen,Turner,780625.0,32 Hazelcrest Plaza,Tumu’ertai,86-(317)520-1167
340,Johnny,Mccoy,835686.38,1031 Brickson Park Hill,Vesoul,33-(130)852-0748
341,Janet,Hicks,347498.05,44507 Grasskamp Street,Mashan,86-(850)878-5647
342,Howard,Snyder,543532.0,253 La Follette Park,Cilangkap,62-(706)173-5146
343,Timothy,Matthews,786523.26,26 Blue Bill Park Court,Khovaling,992-(244)175-8731
344,Laura,Richardson,173315.61,53 Huxley Trail,Hongtian,86-(348)407-5228
345,Terry,Gonzalez,639096.0,4 Fremont Crossing,Buenos Aires,52-(448)284-3864
346,Joshua,Powell,981895.59,7174 Farragut Circle,Goúvai,30-(634)805-3353
347,Daniel,Ray,391854.96,04 Gina Trail,Psyzh,7-(160)661-0132
348,Sandra,Frazier,249831.92,468 Dayton Crossing,Cimo de Vila,351-(217)118-6955
349,Raymond,Richards,566835.71,611 Nobel Junction,Maringá,55-(322)908-3666
350,Johnny,Gutierrez,726383.97,3733 Cascade Junction,Kiełczów,48-(126)520-4589
351,Daniel,Matthews,614903.74,07923 Fairfield Pass,Saint-Lô,33-(217)103-1670
352,Larry,Baker,847305.2,67736 Ramsey Road,Muladbucad,63-(599)717-3542
353,Marilyn,Murray,968324.69,6 Butternut Plaza,Ibaraki,81-(591)378-4797
354,Joan,Jacobs,881073.98,4 Vidon Court,Čakovec,385-(620)560-8217
355,Shirley,Jacobs,251623.03,8 Mandrake Hill,Ciputat,62-(202)168-0669
356,Julia,Woods,454538.76,82 Kim Trail,Catamayo,593-(772)151-0009
357,Rachel,Perkins,824705.49,6913 Butterfield Crossing,Chiang Khan,66-(907)887-2737
358,Lillian,Larson,436409.99,49298 Bowman Center,Drybin,375-(345)397-1498
359,Antonio,Snyder,218433.55,020 Carioca Point,Butuan,63-(714)331-0886
360,Elizabeth,Nelson,194083.93,69886 Marcy Terrace,Gif-sur-Yvette,33-(982)127-4244
361,Marilyn,Hawkins,568543.26,16173 Melvin Parkway,Balas,63-(650)293-7395
362,Rachel,Williamson,175158.06,4851 8th Park,Mwaya,255-(743)384-4285
363,Clarence,Hill,405494.06,18050 Northwestern Alley,Pasadena,1-(855)194-5106
364,Peter,Alvarez,311708.53,4967 Golf View Point,Montpellier,33-(427)232-5333
365,Cheryl,Griffin,666290.72,308 Birchwood Alley,Heku,86-(314)546-1204
366,David,Gray,822538.68,66 Waywood Circle,Kuantan,60-(579)252-6313
367,Phillip,Oliver,836441.97,330 Hagan Road,Emiliano Zapata,52-(161)917-3850
368,Virginia,Gonzales,320118.31,3407 Express Lane,Enzan,81-(749)983-2657
369,Peter,Ellis,880336.39,662 Service Park,Traiguén,56-(183)947-0094
370,Johnny,Harris,282214.88,24 Clyde Gallagher Parkway,Gunungmenang,62-(592)741-4794
371,Albert,Reid,510326.14,46 Westport Trail,Peliyagoda,94-(994)125-6904
372,Jeremy,Wright,399667.2,790 Rieder Way,Liujiage,86-(660)136-2345
373,Helen,Kennedy,467594.51,6114 Jackson Parkway,Pisang,62-(981)557-5854
374,Aaron,Harrison,474098.92,5 Pierstorff Point,Dayuan,86-(872)270-8097
375,Nicole,Lynch,775955.47,8481 Eagle Crest Center,Springfield,1-(217)597-5193
376,Eric,Oliver,750690.38,67 Meadow Valley Hill,Ryglice,48-(672)153-4026
377,Patricia,Perkins,683233.86,493 Meadow Ridge Plaza,Pangian,63-(307)669-2784
378,Nicole,Reed,491673.01,09820 Donald Alley,Charlemagne,1-(575)851-3594
379,Carlos,Ryan,444320.89,15350 Dovetail Alley,Sentul,62-(998)559-3493
380,Thomas,Garcia,227101.83,19054 Loomis Parkway,Guiset East,63-(283)163-7083
381,Janet,Chavez,723852.85,057 Quincy Court,Tianzishan,86-(921)402-9270
382,Jason,Edwards,210191.14,7772 Stuart Drive,Forshaga,46-(134)290-0097
383,Victor,Smith,210369.54,3 Mockingbird Street,Gandrungmangu,62-(777)966-8046
384,David,Mcdonald,342896.31,11072 Prairie Rose Park,Honolulu,1-(808)410-0397
385,Martin,Griffin,523810.32,4 Beilfuss Parkway,Falun,46-(578)103-5686
386,Brenda,Grant,664412.69,281 Tennessee Junction,Gigante,57-(137)867-4341
387,Timothy,Carr,647969.98,3 Leroy Alley,Port Glaud,248-(377)640-5155
388,Betty,Garcia,703595.72,1408 Del Sol Parkway,Pandasan,63-(332)387-3017
389,Kathy,Ray,686073.04,344 Waxwing Road,Curahuasi,51-(246)267-4719
390,Joan,Rivera,502605.22,687 Lakeland Point,Daxing,86-(364)259-2282
391,Betty,George,410408.33,6 Lukken Trail,Skhodnya,7-(513)264-2610
392,Stephanie,Morrison,217729.94,38842 Spenser Point,Västerås,46-(304)868-7770
393,Arthur,Marshall,210013.15,085 6th Park,Toupi,86-(215)871-7288
394,Adam,Marshall,359898.08,1 2nd Center,Khao Yoi,66-(891)266-8842
395,Raymond,Gilbert,715434.86,3140 Clyde Gallagher Point,Bieto,62-(587)124-1662
396,Deborah,Garcia,527593.07,62760 Russell Lane,Maradabangga,62-(277)883-5454
397,Robert,Lane,359402.95,065 Eagan Plaza,La Plaine-Saint-Denis,33-(923)551-3866
398,Roger,Ortiz,780170.1,39976 Independence Place,Saint-Pierre,508-(760)246-3701
399,Harold,Patterson,786492.0,583 Mifflin Parkway,Sonorejo,62-(737)726-1231
400,Janice,Brooks,590489.61,32 Meadow Valley Junction,Muarabadak,62-(130)653-9204
401,Melissa,Stewart,284304.37,48181 Pearson Junction,Sacramento,1-(916)858-9921
402,Theresa,Perkins,428174.97,2 Farmco Circle,Boleiros,351-(389)681-7899
403,Ruby,Perkins,738160.71,37189 Marcy Parkway,Elliot,27-(780)272-7613
404,Carol,Webb,571521.82,03 Eliot Plaza,San Pedro Sacatepéquez,502-(906)802-7817
405,Ruby,Carpenter,219741.1,5 American Street,Nueva Requena,51-(812)622-1576
406,Jean,Owens,701690.04,07215 Arkansas Trail,Nador,212-(786)491-6969
407,Sara,Dixon,251613.22,51591 Fair Oaks Road,Bolinao,63-(671)596-7322
408,Peter,Woods,972012.44,9335 Cambridge Trail,Nkurenkuru,264-(354)265-0720
409,Patricia,Frazier,235205.17,65 Stone Corner Drive,Novoorsk,7-(470)378-7620
410,Sandra,Stephens,655665.69,9050 Hazelcrest Crossing,Kochani,389-(375)344-7664
411,Martha,Watkins,641734.62,46 Ruskin Junction,Albany,1-(518)355-7775
412,Jeremy,Coleman,543659.41,84548 Beilfuss Crossing,Ngudu,255-(118)645-9805
413,Pamela,Harris,979729.29,33512 Sundown Court,Erqu,86-(341)487-5349
414,William,Duncan,395387.22,4998 Sachs Center,Pinhão,55-(905)132-5218
415,Jack,Anderson,856287.1,140 Rowland Street,Pandan Niog,63-(284)546-8486
416,Katherine,Gomez,400572.52,5 Tomscot Park,Danao,63-(662)948-2070
417,Rebecca,Holmes,676624.33,298 Dottie Parkway,Karnice,48-(165)608-4466
418,Wayne,Schmidt,853276.86,9 Cody Center,San Diego,1-(619)551-1135
419,Brenda,Campbell,532466.48,90609 Ilene Court,Longbo,86-(906)531-1121
420,Sandra,Porter,535028.44,12 Grover Place,Xibing,86-(530)488-6410
421,Janice,Adams,341463.31,0115 Heath Hill,Mutsu,81-(256)418-6669
422,Julie,Lynch,757173.92,4043 Claremont Alley,Kaset Sombun,66-(119)148-6646
423,Virginia,Olson,528614.83,8 Eggendart Hill,Yejia,86-(625)209-1494
424,Doris,Fernandez,169288.99,8 Longview Park,Usulután,503-(892)561-4358
425,Louis,Dean,554028.47,9 Longview Place,Annecy,33-(845)853-2914
426,Jimmy,Stewart,356322.85,7841 Doe Crossing Alley,Pindobaçu,55-(266)995-6518
427,Billy,Lane,288580.82,56 Northport Lane,Satinka,7-(356)326-6981
428,Jacqueline,Bell,961154.99,59995 Bay Center,Isla,63-(756)246-1398
429,Joyce,Ryan,504686.23,86 Garrison Parkway,Oravais,358-(109)433-5931
430,Justin,Rice,879716.31,00 Sloan Circle,Nangka,63-(599)456-4409
431,Phyllis,Watson,909789.14,45 Birchwood Center,Prior Velho,351-(703)908-2876
432,Albert,Thomas,614661.57,9247 Mayer Center,Midlands,230-(953)413-5247
433,Aaron,Diaz,621628.13,121 Pawling Park,North Perth,1-(925)480-8942
434,Mark,Henderson,805874.23,30714 Lunder Junction,Nantes,33-(922)353-8663
435,Roger,Hughes,637426.31,3 Independence Pass,Gurupi,55-(559)659-4135
436,Stephanie,Moore,194583.61,6 Russell Alley,Mirriah,227-(565)580-1678
437,Judith,Allen,758342.99,81339 Blaine Center,San Cristóbal Verapaz,502-(843)484-8185
438,Earl,Washington,978796.0,3685 Manitowish Trail,Vitina,383-(864)715-4839
439,Nancy,Matthews,519822.0,2192 Luster Parkway,Ampanihy,261-(207)411-5438
440,Emily,Wagner,630516.37,40167 Knutson Alley,Zahedan,98-(186)502-9493
441,Patrick,Myers,218542.07,71111 Jenna Pass,Lárdos,30-(518)223-2045
442,Christopher,Reid,570303.08,6 Delaware Avenue,Odemira,351-(699)395-0328
443,Debra,Garcia,218629.7,9 Badeau Pass,Lakeland,1-(863)868-2679
444,Jerry,Scott,544503.05,63 Dennis Avenue,Kebon,62-(310)419-5952
445,Victor,Carr,925884.83,2510 Montana Lane,Colomiers,33-(268)417-5929
446,Michael,Sanchez,260462.88,300 Coleman Place,Cacocum,53-(612)142-4412
447,Virginia,Fisher,941525.56,2594 Hansons Park,An Lão,84-(130)440-7441
448,Denise,Henderson,800233.46,86 Sommers Trail,San Roque,63-(472)487-5014
449,Joan,Palmer,651920.79,63061 Village Green Crossing,Xiagong,86-(911)128-6142
450,Angela,Henderson,999856.1,9 Scofield Alley,Bieqiao,86-(907)987-1966
451,Carol,Snyder,337973.43,752 Lukken Alley,Batal,63-(952)847-6608
452,Sara,Torres,619408.0,9057 Acker Pass,Gali,995-(729)652-8121
453,Fred,Meyer,325432.5,549 Summerview Crossing,Yuanshanzi,86-(160)400-7213
454,Angela,Martin,730346.87,3464 Lakeland Place,Parada de Pinhão,351-(129)451-2032
455,Ruth,Richardson,913535.61,66 Elgar Alley,Naifalo,62-(389)662-9845
456,Peter,Richardson,274813.3,5190 Brown Lane,Basco,63-(257)403-2847
457,Jonathan,Austin,559133.74,777 Bobwhite Street,Calilegua,54-(137)702-3007
458,Christina,Powell,585091.44,49120 School Street,Santo António da Charneca,351-(169)512-1309
459,Jonathan,Duncan,409538.85,8 Larry Trail,Tubualá,507-(337)630-7821
460,Patricia,Watkins,596606.0,833 Elka Road,Cantuk Kidul,62-(509)818-0137
461,Kathy,Vasquez,388773.16,5 Anderson Point,Pantang,86-(847)471-2704
462,Timothy,Morrison,353202.0,659 Prairieview Center,Pampa del Infierno,54-(611)211-6697
463,Jimmy,Robertson,771942.2,5316 Cody Point,Riba de Ave,351-(853)902-8571
464,Patricia,Wheeler,255238.89,890 Vermont Center,Xilin,86-(530)869-4186
465,Jason,Carroll,885172.82,41 Fremont Lane,Tovarnik,385-(812)276-0665
466,Carl,Powell,680061.81,47 Dakota Trail,Rezé,33-(580)709-2776
467,Daniel,Woods,284138.96,518 Cherokee Pass,Tanshan,86-(651)168-4250
468,Rachel,Roberts,577992.0,886 Ruskin Trail,Rukungiri,256-(875)356-4518
469,Walter,Cox,645056.59,722 6th Plaza,Béziers,33-(701)462-8914
470,George,Ortiz,393790.07,94386 Anderson Park,Shuangwang,86-(205)725-9492
471,Joe,Hansen,565632.41,50 Clove Alley,Dhromolaxia,357-(627)742-8665
472,Earl,Turner,682433.17,75496 Rockefeller Terrace,El Rancho,504-(698)555-0282
473,Heather,Wells,438184.16,598 Haas Street,Sam Phran,66-(966)198-2291
474,Earl,Mccoy,546555.0,6074 Huxley Center,Rasūlnagar,92-(864)629-1192
475,Larry,Smith,329930.63,12 Gina Alley,Oulad Frej,212-(873)887-5815
476,Denise,Black,708020.59,8 Loomis Center,Ağdam,994-(164)134-9359
477,Bruce,Barnes,746044.38,0229 Russell Plaza,Cuauhtemoc,52-(969)153-8575
478,Mildred,Ford,671955.06,744 Bayside Plaza,Babakan,62-(599)821-8129
479,Gregory,Hill,699127.46,3 Novick Drive,Nanganga,255-(832)448-4361
480,Sean,Lynch,293990.87,44 Fallview Drive,Alajuelita,506-(852)160-6929
481,Louise,Bishop,460133.97,7302 Russell Park,Issy-les-Moulineaux,33-(838)937-8565
482,Anna,Kelley,375367.6,3 Eggendart Drive,Cristalina,55-(439)916-9139
483,Randy,Gray,688277.39,253 Pleasure Center,Bringinanom,62-(611)376-5447
484,Andrea,Snyder,268778.35,56 Manley Crossing,Dubréka,224-(822)596-7060
485,Sandra,Gutierrez,446546.36,3 South Pass,Juan Santiago,1-(648)179-9156
486,Louise,Hamilton,400106.39,02 Spenser Pass,Nikolina Gora,7-(917)331-1510
487,Andrew,Hughes,783004.65,95 Evergreen Point,Jinzhuang,86-(836)735-3645
488,Andrew,Larson,758782.18,06381 Anhalt Pass,Dieppe,1-(906)756-6297
489,Ralph,James,687932.12,37 Butternut Park,Huayllati,51-(429)610-8997
490,Jean,Kim,587670.24,0 Hooker Drive,Jiulong,86-(157)370-1594
491,Fred,Fields,488871.93,11317 Elgar Road,Pitogo,63-(195)712-9651
492,Clarence,Wilson,246341.04,72 Petterle Trail,Tajimi,81-(433)859-9534
493,Theresa,Frazier,437376.44,2 Esch Alley,Habo,46-(750)557-4185
494,Kathy,Porter,268595.8,2 Clove Center,Shūsh,98-(255)819-7832
495,Victor,Hernandez,451337.19,402 American Pass,Khuan Don,66-(942)433-6942
496,Ronald,Williamson,965272.13,76239 Brown Drive,Saraktash,7-(925)133-5414
497,Jonathan,Mccoy,503949.46,87 Fallview Trail,Los Angeles,52-(430)991-5964
498,Scott,Hill,914123.65,53412 Towne Avenue,Biała Piska,48-(983)487-5237
499,Kathleen,Baker,198971.24,12655 Esker Avenue,Songhe,86-(728)326-7779
500,Todd,Lawrence,789771.91,99 Fairfield Road,Forshaga,46-(180)380-3485
501,Judith,Garza,603023.76,49689 Hanson Parkway,Telengsari,62-(543)509-4781
502,Antonio,Harper,764066.59,01 Express Street,Tanjung Raja,62-(582)728-0215
503,Doris,Armstrong,502786.38,45 Larry Center,Huadi,86-(172)312-2340
504,Shawn,Nichols,489962.6,675 Monterey Alley,Złotów,48-(106)539-0113
505,Jesse,Burton,666727.92,1679 3rd Trail,Barinitas,58-(733)100-0252
506,Helen,Chavez,431387.51,43215 Oakridge Way,Shaykh al Ḩadīd,963-(425)591-3912
507,Bonnie,Clark,554854.11,7 Maple Wood Court,Chincha Baja,51-(888)799-2022
508,Matthew,Carroll,348502.78,284 1st Point,Kryvyy Rih,380-(861)676-6424
509,Margaret,Richardson,589133.3,5504 Artisan Place,As Saffānīyah,966-(277)355-6010
510,Earl,Rivera,327365.19,31 Anniversary Terrace,Kedrovoye,7-(356)944-0884
511,Jose,Morgan,201069.14,9093 Arkansas Park,Argayash,7-(139)821-9289
512,Jason,Perez,567141.22,56617 Annamark Circle,Thorold,1-(309)497-3639
513,George,Mason,419786.75,86639 Charing Cross Point,Bousso,235-(947)892-4457
514,Robin,Holmes,297318.72,34 Carioca Pass,Shazhenxi,86-(863)241-8491
515,Todd,Morgan,824333.33,78 Talmadge Point,Châu Thành,84-(902)953-0666
516,Stephanie,Powell,648815.18,1006 Anderson Alley,Kramarzówka,48-(463)738-0341
517,Karen,Jacobs,930899.61,033 Graceland Pass,Vân Canh,84-(466)760-5877
518,George,Wheeler,694038.76,96 Lunder Trail,Saint-Ouen,33-(806)315-9106
519,Fred,Tucker,668855.2,625 Rieder Plaza,Vancouver,1-(360)787-7966
520,Kimberly,Payne,329416.14,4 Surrey Trail,Valdivia,56-(873)165-0505
521,Roger,Harrison,765226.47,944 Loeprich Junction,Birmingham,44-(899)937-4837
522,Christina,Simpson,621010.83,15 Johnson Plaza,Verkhnyaya Toyma,7-(730)631-4452
523,Jean,Henry,234748.07,1750 Knutson Avenue,Bahaodi,86-(696)877-3623
524,Jason,Simmons,176807.66,553 Browning Way,Houba,86-(725)615-9046
525,Joyce,Romero,777276.77,189 Riverside Circle,Bragança,55-(205)118-3914
526,Dorothy,Crawford,188327.86,830 Macpherson Pass,Tangjiakou,86-(391)390-9285
527,Dorothy,Garrett,351689.4,18 Forest Point,San Matías,591-(278)876-1474
528,Ryan,Rogers,767875.28,2 Northwestern Alley,Yangfeng,86-(213)439-9419
529,Richard,Schmidt,257913.09,4439 Mosinee Circle,Yangzi,86-(419)225-5423
530,Kathleen,Meyer,584283.39,76617 3rd Place,Hedi,86-(956)444-4574
531,Rose,Harvey,601886.49,129 Anhalt Alley,Oyo,234-(118)622-2988
532,Julia,Mitchell,234615.7,162 Goodland Junction,Degan,86-(440)478-2239
533,Keith,Perry,603797.24,00376 Kipling Hill,Tha Mai,66-(382)389-9296
534,Pamela,Flores,754099.78,2256 Marquette Pass,Hässelby,46-(603)282-2170
535,Brandon,Taylor,956767.02,8360 2nd Terrace,Muḩambal,963-(751)819-4868
536,Judy,Brown,905551.09,6902 Valley Edge Road,Landerneau,33-(492)721-7580
537,David,Johnson,838514.76,20833 Meadow Ridge Road,Banjar Sambangan,62-(470)559-8727
538,Judith,Armstrong,347085.08,8 Claremont Way,Plumbangan,62-(248)523-5912
539,Jack,Oliver,228947.75,21663 Anniversary Terrace,Ranao,63-(310)354-8415
540,Thomas,Jacobs,770184.38,4903 Alpine Avenue,Indulang,63-(763)958-8739
541,Samuel,Henry,701493.41,77 Susan Trail,Furong,86-(161)406-0460
542,Aaron,Carter,683542.56,84545 Ridgeview Road,Messejana,351-(800)737-1002
543,Eric,Hughes,543938.72,35 Pleasure Hill,Nantes,33-(371)710-2763
544,Ruth,Matthews,668392.03,88606 Sunbrook Road,Lianhua,86-(590)134-0677
545,Timothy,Hudson,282628.81,66 Service Circle,Donskoye,7-(858)779-4974
546,Craig,Ramos,227820.77,7 Butterfield Circle,Mayuan,86-(280)121-1972
547,Scott,Hudson,384731.39,198 Hagan Road,Norrtälje,46-(117)773-3191
548,Scott,Cooper,582273.19,28299 Fremont Drive,Muro,351-(794)491-8896
549,Larry,Butler,978243.41,79772 Muir Lane,Moba,86-(868)389-0262
550,Harry,Perry,614295.2,487 Thompson Street,Tolkmicko,48-(368)212-6049
551,Frances,Young,385664.99,6154 Declaration Hill,Ban Phue,66-(876)954-4173
552,Kathryn,James,529987.13,1 Towne Plaza,Husów,48-(991)288-5307
553,Ryan,Reid,648652.25,2 Truax Center,Tanjung,62-(308)347-1824
554,Margaret,Jones,604814.61,42944 Vidon Pass,Thị Trấn Hà Trung,84-(361)800-5973
555,Harry,Griffin,966196.04,1826 Hanson Alley,Maño,63-(215)949-2336
556,Janice,George,771315.45,0639 Grasskamp Plaza,Banaba,63-(437)503-3893
557,Thomas,Ray,182713.85,351 Armistice Street,Laocheng,86-(155)832-1765
558,Christina,Myers,300992.78,50 Continental Center,Tuban,63-(493)488-0093
559,Alice,Jenkins,399589.38,36518 Clarendon Street,Jiupu,86-(332)798-9647
560,Cynthia,Ford,230777.2,9873 Fremont Park,Sidomekar,62-(564)470-1981
561,Clarence,Wallace,197655.84,914 Morning Alley,Dongbei,86-(382)367-8106
562,Martha,Ramos,935679.19,76 Gina Parkway,Rydułtowy,48-(394)779-6675
563,Arthur,Lee,277022.43,0262 Arrowood Terrace,Huishangang,86-(370)903-5168
564,Melissa,Simmons,835258.0,7 Carey Parkway,Tuohua,86-(464)167-6843
565,Gerald,Wells,685583.16,8 Texas Alley,Alegria,63-(477)779-1366
566,Richard,Arnold,965839.97,444 Susan Hill,Houk,691-(698)553-8261
567,Jacqueline,Duncan,467798.33,51628 Buell Junction,Carazinho,55-(559)739-3444
568,Craig,Fox,779234.26,164 Derek Park,Kaltungo,234-(286)416-2338
569,Terry,Gilbert,152018.96,02 Northridge Center,Samboan,63-(474)909-6658
570,Thomas,Murray,635672.8,829 Meadow Valley Hill,Stęszew,48-(109)920-2440
571,Ralph,Mcdonald,409959.8,517 International Terrace,Tarkwa,233-(572)299-4272
572,Ann,Chavez,717055.2,15321 Marquette Pass,Leiyang,86-(895)685-4450
573,Marie,Thomas,966121.27,4 Jenifer Way,Balkh,93-(821)148-9234
574,Frances,Ortiz,799799.88,83382 Eggendart Trail,Wysoka,48-(387)896-7885
575,Edward,Jenkins,456769.49,18631 Autumn Leaf Place,Pregrada,385-(906)639-5095
576,Eugene,Gilbert,490582.0,3 Anthes Hill,Wufeng,86-(954)848-9457
577,Karen,Murphy,735986.63,0414 Upham Parkway,Mujães,351-(292)429-2012
578,Benjamin,Tucker,947591.41,027 Surrey Parkway,Guapi,57-(827)642-1003
579,Donna,Franklin,840530.06,6914 Jenifer Point,Huangli,86-(633)273-2105
580,Ruby,Wheeler,739180.62,852 Manitowish Alley,Ho,233-(803)130-4131
581,Judy,Ross,766017.37,90480 Tony Trail,Mapaniqui,63-(266)148-9382
582,Deborah,Austin,461587.89,9 Butterfield Street,Skole,380-(897)132-0777
583,Daniel,Romero,164862.4,226 Eastwood Lane,Clones,353-(514)762-3286
584,Joshua,Jacobs,675662.76,3060 Troy Trail,Mislīyah,970-(953)446-1792
585,Peter,Parker,304648.9,1 Bunting Way,Laibin,86-(973)168-1261
586,John,Cox,727058.0,9117 Old Shore Way,Meiyao,86-(684)919-8418
587,Jack,Johnston,281363.1,495 6th Way,Yelan’-Kolenovskiy,7-(673)604-2358
588,Kelly,Greene,333786.0,310 Sage Hill,Sambirejo,62-(612)965-1831
589,Joseph,Black,478156.34,3777 Sunbrook Terrace,Dashiqiao,86-(816)911-8989
590,Larry,Bailey,277963.69,61 La Follette Trail,Tungor,7-(355)191-4420
591,Victor,Elliott,481779.65,5206 Northwestern Alley,Campo Maior,351-(492)498-8022
592,Dorothy,Peters,700942.35,75 Dahle Junction,Ufimskiy,7-(321)453-0334
593,Roger,Fisher,815830.58,04383 Mcguire Junction,Granada,57-(195)470-9536
594,Bonnie,Smith,845344.57,160 Rockefeller Trail,Qizili,86-(920)795-0972
595,Ronald,Perkins,768493.94,37630 Melody Hill,Bawshar,968-(461)322-5165
596,Howard,Mills,203728.08,851 Nancy Pass,Xiaohe,86-(826)257-3345
597,Terry,Hernandez,610769.37,46 Golf Course Court,Trollhättan,46-(395)493-2343
598,Julia,George,430743.6,5 Service Lane,Gaoyang,86-(249)256-1056
599,Sean,Ross,927362.18,2001 Declaration Center,Diavatá,30-(538)954-5460
600,Joyce,Hudson,289268.04,56802 Veith Alley,Wenlin,86-(400)841-0768
601,Victor,Wilson,701226.35,9 Bluejay Parkway,Jindou,86-(229)750-3160
602,Paul,Price,528526.6,842 Blue Bill Park Hill,Kuantan,60-(573)398-0652
603,Jonathan,Morris,985845.37,91 Dahle Street,Pulap,691-(733)673-4716
604,Theresa,Lawrence,728975.16,89 Warner Point,Gandorhun,232-(333)575-3888
605,Laura,Nichols,847962.53,5 Corry Point,Napel,62-(634)322-3349
606,Juan,Reed,282562.16,5811 Emmet Crossing,Rosso,221-(893)235-3506
607,Karen,Porter,570656.17,99888 1st Crossing,Wenquan,86-(707)233-2635
608,Carol,Pierce,868857.14,19 Autumn Leaf Drive,Yuewan,86-(728)222-8354
609,Douglas,Torres,900685.62,6489 Hintze Parkway,Duwayr Raslān,963-(634)775-0087
610,Jacqueline,Meyer,538167.3,69 Clove Crossing,Sremska Mitrovica,381-(847)952-1531
611,Keith,Wagner,269474.97,5 Pierstorff Avenue,San Roque,63-(666)968-8197
612,Margaret,Griffin,450135.56,734 Meadow Ridge Avenue,Azenha,351-(697)618-8025
613,Amanda,Myers,201092.35,1 Dahle Avenue,Atap,62-(788)254-5257
614,Cheryl,Montgomery,295804.24,8106 Northfield Center,Fosses,33-(193)853-6714
615,Margaret,Hansen,613647.31,6 Hovde Drive,Stýpsi,30-(451)294-3910
616,Harry,Burton,166552.85,1824 Caliangt Hill,Hüremt,976-(717)158-0493
617,Benjamin,Gilbert,860921.2,07441 Dorton Trail,Verblyany,380-(798)849-2428
618,Mark,Sims,491008.09,28 Hayes Way,Chibuto,258-(620)443-9421
619,Lillian,James,912270.28,217 Clove Center,Knurów,48-(642)882-4260
620,Jack,Foster,589524.36,6 Emmet Pass,El Realejo,505-(222)246-8196
621,Sarah,Peterson,182941.58,86 Union Trail,Gnojnik,48-(673)290-3873
622,Joshua,Larson,346195.8,504 Dryden Circle,Xicheng,86-(832)652-8332
623,Ruby,Day,464283.5,0 Charing Cross Court,L'Île-Perrot,1-(288)679-3583
624,Michelle,Olson,979770.3,22 Cherokee Park,Qiankou,86-(131)505-3855
625,Robin,Elliott,841670.34,7957 Sutherland Junction,Örebro,46-(398)143-4335
626,Paul,Berry,377509.19,804 Weeping Birch Pass,Yermolino,7-(597)416-6868
627,Philip,Morgan,292117.19,55 Bultman Center,Ginowan,81-(388)631-9737
628,Joyce,Johnson,960396.02,861 Linden Terrace,Taiping,86-(556)254-7618
629,Larry,Taylor,451409.31,5 Corscot Place,Girona,34-(989)757-2831
630,Jean,Simmons,164273.26,7 Fordem Lane,Chaguaní,57-(162)868-8636
631,Sean,Lynch,946244.74,7018 Arizona Crossing,Roa,62-(938)600-9327
632,Anna,Bell,369412.39,0 Bluejay Parkway,Qorao’zak,998-(408)972-5130
633,Annie,Carter,231962.37,06 Toban Circle,Thành Phố Nam Định,84-(524)151-5842
634,Billy,Oliver,741955.83,15164 Doe Crossing Road,Concordia,54-(976)441-8627
635,Adam,Ray,270327.68,04 Hintze Junction,Zīrakī,93-(211)108-8995
636,Todd,Carr,915204.15,49165 Lyons Circle,Pandean,62-(956)358-6092
637,Michael,Lopez,341655.47,71 Waubesa Terrace,Curuan,63-(255)789-7131
638,Gloria,Simpson,339072.59,25287 Graedel Pass,Mammari,357-(550)803-0164
639,Jeffrey,Collins,372571.0,31890 Esch Alley,Jāmpur,92-(665)530-2112
640,Karen,Palmer,522220.7,60325 Eastlawn Circle,Lokoja,234-(767)250-1317
641,Harry,Jacobs,513119.17,44 Dovetail Street,Kolyvan’,7-(427)124-7378
642,Daniel,Gardner,240249.93,4 Dayton Drive,Laocheng,86-(377)405-7564
643,Jonathan,Weaver,942938.94,04316 Warrior Road,Chocz,48-(405)367-7323
644,Edward,Hansen,803802.0,83251 Bay Terrace,Kihurio,255-(490)265-9376
645,Louis,Andrews,433042.2,541 Sauthoff Alley,Aqaba,962-(988)876-4417
646,Howard,Meyer,649859.0,34 Hintze Drive,Quebracho,598-(190)600-2908
647,Janice,Foster,928671.94,09 Utah Street,Tunggar,86-(884)579-9499
648,Marilyn,Johnson,664333.0,34 Kensington Plaza,Margamukti,62-(594)443-1592
649,Joshua,Boyd,221052.15,5743 Dayton Lane,Annecy-le-Vieux,33-(593)878-8684
650,Chris,Garcia,413417.49,2 Graceland Road,Barra de Carrasco,598-(978)533-8736
651,Jack,Willis,370975.12,93078 Longview Circle,Koniaków,48-(781)590-9409
652,Wanda,Nelson,355584.27,3588 Linden Park,Chita,7-(378)584-9360
653,Teresa,Harvey,494963.0,83 Lake View Trail,Lashma,7-(213)190-4299
654,Helen,Fox,938731.75,8 Commercial Pass,Tengjia,86-(147)807-8441
655,Dorothy,Williamson,583351.56,3 Gina Lane,Cisagu,62-(260)844-1675
656,Joyce,Porter,459609.2,71 Johnson Place,Sumberejo,62-(660)161-5393
657,Diana,Watson,375540.26,3 Morning Street,Luoyuan,86-(551)266-1538
658,Rose,Payne,418229.2,08 Blaine Place,Xiejiatan,86-(566)744-3381
659,Gloria,Sanchez,172286.0,169 2nd Drive,Bogorejo,62-(818)681-3048
660,Jeremy,Bell,820584.84,44 Sherman Center,Malway,63-(869)298-9380
661,Ashley,Flores,673951.97,184 North Road,Longtang,86-(865)930-2829
662,Kelly,Myers,295935.91,5 Carpenter Avenue,Bezlyudivka,380-(418)977-4495
663,Albert,Morales,532498.48,31054 Beilfuss Junction,Penedono,351-(709)959-3033
664,Deborah,Arnold,884608.14,4927 Oakridge Terrace,Pemzashen,374-(930)825-6739
665,Wanda,Hunt,754737.0,98180 Marcy Avenue,Bretaña,51-(486)646-2581
666,Shawn,Ellis,895529.68,80875 Beilfuss Terrace,Geshan,86-(534)734-7357
667,Theresa,Berry,700310.24,40 Harbort Terrace,Pederneiras,55-(755)883-1180
668,Louis,Gray,265047.94,60088 Surrey Crossing,Banjar Beratan,62-(457)227-4336
669,Beverly,Oliver,213635.96,6365 La Follette Circle,Raminho,351-(317)522-3893
670,Frances,Perez,506977.27,021 Center Point,Masinloc,63-(373)201-9422
671,Randy,Gomez,420625.13,83724 Express Junction,Maanĭt,976-(386)779-4414
672,Sarah,Walker,369084.35,5525 Northport Alley,Sarykemer,7-(763)812-4404
673,Bobby,Ramirez,550613.49,4 Commercial Drive,Vilarinho,351-(542)433-5537
674,Joe,Scott,413121.74,63 Birchwood Place,Uijeongbu-si,82-(964)673-4133
675,Judy,Castillo,302617.88,29602 Sommers Point,Hanfeng,86-(636)195-8898
676,Eric,Watkins,411095.59,59576 Vernon Avenue,Licheń Stary,48-(726)175-8122
677,Keith,Lawrence,818366.0,13 Badeau Place,Cadiz,34-(592)807-8757
678,Margaret,Porter,329774.33,72478 Hooker Crossing,Sifala,62-(283)544-6093
679,Andrew,Alexander,986671.1,5601 Del Mar Pass,Koszyce Wielkie,48-(654)356-3276
680,Gregory,Thomas,430881.0,92808 1st Lane,Constantia,27-(446)291-9624
681,Patrick,Oliver,357590.0,74 Brentwood Court,Quime,591-(797)877-9414
682,Billy,Peters,370170.13,53 Farmco Circle,Dulangan,63-(572)748-4142
683,Chris,Cole,411167.6,181 Bunker Hill Center,Krajan,62-(218)213-1148
684,Richard,Rose,445337.83,0351 Tony Avenue,Balayang,63-(806)861-7112
685,Mary,Henderson,801677.33,2093 Crownhardt Alley,Vilque Chico,51-(940)144-2492
686,Julia,Ross,323582.32,98 Gulseth Circle,Isiolo,254-(416)252-8967
687,Anthony,Black,213074.63,40 Valley Edge Avenue,Jinpanling,86-(478)663-2307
688,Alan,Mason,860694.45,5 Southridge Point,Kaum,62-(423)625-6701
689,Ralph,Sanchez,275751.04,68 Farwell Park,Matanog,63-(241)305-4847
690,Craig,Castillo,963815.56,16 Rusk Street,Chaykovskaya,7-(978)433-3363
691,Kathryn,Kim,655203.75,855 Arkansas Street,Cái Dầu,84-(598)455-8890
692,Randy,Hanson,933437.28,8434 Chive Place,Byumba,250-(973)289-1462
693,Debra,Dunn,611869.81,4 Magdeline Road,Muang Xay,856-(485)289-2848
694,Martin,Johnston,478920.6,2 Shelley Alley,Al Quwaysimah,962-(558)130-9830
695,Kelly,Murphy,251882.76,21 Spohn Hill,Mūdīyah,967-(390)577-1905
696,Joan,Hawkins,305776.99,046 Hazelcrest Crossing,Dongcheng,86-(676)278-2522
697,Jean,Riley,606817.75,999 Anzinger Way,Sovetskaya,7-(477)361-3402
698,Donald,Miller,976083.68,1475 Green Court,Youngstown,1-(330)110-6445
699,Margaret,Lawson,213397.5,31348 Chinook Avenue,Uzdin,381-(793)553-8831
700,Denise,Riley,817459.5,174 Little Fleur Pass,Pekalongan,62-(264)723-2818
701,Lori,Wheeler,795116.4,825 Blue Bill Park Junction,Al Jarrāḩī,967-(515)612-9907
702,Patrick,Fernandez,734904.31,9 Blackbird Trail,Nybro,46-(285)182-7731
703,Tammy,Bailey,876014.54,921 Mosinee Point,Watunggong,62-(712)796-5438
704,John,Cruz,326383.38,44895 Jana Street,Kihancha,254-(999)248-1512
705,Doris,Payne,307099.0,497 Susan Trail,Jieshou,86-(943)595-8852
706,Margaret,Thompson,258054.23,794 Bowman Road,Ciguha Tengah,62-(761)456-3950
707,Eric,Murphy,949719.11,8 Sachtjen Drive,Sumbermanggis,62-(423)292-9045
708,Donald,Jackson,592918.58,01 Buell Terrace,Kalabahi,62-(853)478-6432
709,Harold,Crawford,644185.2,06 Summerview Court,Mahalapye,267-(659)339-5335
710,Joshua,Allen,223644.88,57951 Armistice Street,Ozurgeti,995-(186)974-2771
711,Kevin,Cole,658521.53,55942 Vermont Drive,Huaxijie,86-(823)132-3117
712,Lois,Young,629548.05,70 Fisk Parkway,Quezon,63-(321)938-4941
713,Jason,Gonzales,219904.87,358 Hooker Circle,Nanhu,86-(190)915-3188
714,Nicholas,Nelson,437918.07,00289 Northview Street,Dū Qal‘ah,93-(362)941-1976
715,Nicholas,Rogers,971108.32,97 Kingsford Circle,Shigu,86-(924)707-0413
716,Robert,Wagner,911287.32,67681 Village Avenue,Araguaína,55-(871)403-8846
717,Kevin,Hudson,930260.22,07 Sommers Center,Bao’an,86-(556)509-1417
718,Paul,Ray,932560.43,24984 Reinke Circle,Necochea,54-(706)355-0930
719,Johnny,Long,823799.15,00034 Ridgeway Junction,Xuling,86-(138)566-8369
720,Cynthia,Freeman,237818.56,87 Hansons Parkway,Taha Man Zu,86-(177)972-2398
721,Brenda,Gutierrez,169857.73,095 Heffernan Point,Lesnikovo,7-(113)296-6009
722,Carl,Murray,852645.48,49 Warner Place,Wola Filipowska,48-(719)217-5431
723,Johnny,Long,960218.43,199 Oriole Trail,Jerusalem,972-(935)114-0541
724,Beverly,Elliott,436333.41,1 Troy Crossing,Koźle,48-(719)269-4538
725,Ruby,Wheeler,563412.29,70053 Sachs Hill,Bayt al ‘Awābī,968-(522)341-9856
726,Sandra,White,645275.86,414 Kinsman Plaza,Krynychky,380-(449)483-3979
727,Kevin,Cunningham,987575.05,943 Stone Corner Hill,Sinanju,850-(281)641-7821
728,Roger,Welch,788655.47,1 Oneill Circle,Gosë e Madhe,355-(660)285-2454
729,Sharon,Jenkins,910306.11,39 Waxwing Point,São Sebastião do Caí,55-(349)176-3525
730,Ruth,Anderson,618102.11,11181 Crownhardt Court,Hanjia,86-(725)534-6412
731,Gloria,Simpson,724573.81,21757 Lukken Lane,Krajan Dua Patempuran,62-(201)887-0144
732,Gerald,Burke,584548.91,2626 3rd Court,Reisdorf,352-(429)593-4343
733,Louis,Perkins,150029.65,8 Mariners Cove Trail,Haylaastay,976-(870)959-5942
734,Timothy,Burke,318866.67,19091 Northview Way,Dasuk,62-(717)658-1276
735,Gregory,Hall,226782.18,28 Gulseth Trail,Heshang,86-(828)684-1332
736,Eugene,Rivera,188614.16,96676 Texas Place,Sergach,7-(128)342-2949
737,Paul,Mills,567251.0,458 Carberry Plaza,Lukavice,420-(925)875-8512
738,Cheryl,Robertson,674905.28,56 Dorton Hill,Canis,51-(237)323-1482
739,Christopher,Olson,759915.61,118 Cordelia Plaza,Tiantang,86-(236)348-1809
740,Larry,King,459832.2,47 Veith Street,Songjiang,86-(348)579-8858
741,Jerry,Russell,401381.36,44 Carberry Trail,Kronoby,358-(383)277-1901
742,Michelle,Alexander,313721.99,56 Cherokee Junction,Upata,58-(453)466-7187
743,Amy,Watson,501822.16,2671 Nevada Junction,Paccha,51-(690)843-5364
744,Fred,Davis,774038.36,1808 Village Green Plaza,Runsonglaozhai,86-(632)722-0198
745,Rose,Oliver,722455.99,950 Dryden Crossing,Hokor,62-(583)482-9305
746,Terry,Jordan,948834.49,513 Carioca Plaza,Seroa,351-(711)109-9164
747,John,Bishop,512692.65,1454 Manufacturers Drive,La Concepción,505-(893)991-8952
748,Bruce,Dean,775044.73,8745 Lakewood Gardens Avenue,Muzambinho,55-(512)638-1610
749,Ronald,Robertson,300437.8,9477 Summerview Drive,Liqi,86-(435)134-9841
750,Gloria,Freeman,519891.52,2491 Golf Avenue,Camrose,1-(752)371-0708
751,Patricia,Myers,374698.43,9929 Forest Dale Circle,Askeaton,353-(155)333-0405
752,Louise,Bryant,568590.17,39 Glendale Court,Pereslavl’-Zalesskiy,7-(759)663-3672
753,Dorothy,Dean,426857.55,3 Hallows Road,Hekou,86-(999)374-1637
754,Timothy,Carroll,427552.5,25576 Northridge Court,Pavlovsk,7-(517)636-4052
755,Lisa,Wallace,700806.0,457 Moose Trail,San José de Ocoa,1-(846)250-9123
756,Antonio,Moreno,191883.68,68 Rockefeller Court,Pingdi,86-(901)559-2456
757,Andrew,Reyes,837719.73,3 Helena Lane,Gotovlje,386-(332)955-4901
758,Shawn,Martinez,553536.8,770 Farragut Street,Gajah,62-(425)897-5815
759,Billy,Barnes,814289.12,11640 Jenna Place,Pensacola,1-(850)608-6743
760,Eugene,Kelly,356260.52,5 Dahle Park,Vittel,33-(730)604-6246
761,Irene,Bryant,587826.09,38 American Ash Street,Huaxijie,86-(342)961-9610
762,Juan,Harris,762536.82,75 Manley Place,Sukawening,62-(122)956-0555
763,Diana,Howell,963753.79,72 Butternut Terrace,Las Mesas,58-(668)179-6017
764,Brandon,Howell,535910.72,3885 Mallory Lane,Dzel,976-(485)898-2997
765,Wanda,Burton,921562.31,23 Crowley Terrace,Charopó,30-(346)364-1384
766,Lori,Carroll,767071.11,8618 Menomonie Place,Oepuah,62-(544)458-4011
767,Lawrence,Hanson,666735.75,14708 Sugar Way,Echeng,86-(949)742-9793
768,Gregory,Wheeler,220171.78,84 Sugar Point,Celorico de Basto,351-(514)131-8413
769,George,Greene,574077.34,748 Westport Point,Shangkuli,86-(780)223-8468
770,Billy,Gutierrez,612004.38,398 Truax Road,Motala,46-(101)306-5706
771,Juan,Wells,783981.99,86 Mallory Pass,Keratéa,30-(324)772-2491
772,Brandon,Alexander,610818.0,89 Buhler Point,Binuangeun,62-(478)949-9984
773,Elizabeth,Miller,966854.2,57982 Mitchell Plaza,Puubheto,62-(948)916-2400
774,Daniel,Hansen,342886.21,118 Springs Drive,Salgar,57-(168)688-1099
775,Teresa,Webb,635184.18,7118 Holmberg Place,Taiyangling,86-(186)754-3213
776,Fred,Webb,664189.56,5 Kensington Way,Fengshan,86-(484)266-7502
777,Betty,Andrews,901162.79,1 Mendota Avenue,Curridabat,506-(688)136-4523
778,Ralph,Spencer,758013.45,7 Ryan Plaza,Laiya,63-(267)747-7398
779,Victor,Diaz,986412.31,0 Wayridge Terrace,Santiago,55-(456)782-6164
780,Johnny,Rivera,344348.42,620 Eliot Hill,Raduzhnyy,7-(678)861-7050
781,Debra,Bishop,997097.73,43 Schiller Place,Obroshyne,380-(148)978-5567
782,Louise,Jones,327973.16,56259 Carpenter Trail,Göteborg,46-(958)722-3179
783,Robert,Alvarez,387505.64,8239 Melby Road,Clarin,63-(173)781-2566
784,Barbara,Hall,666570.79,93809 Loomis Circle,Santo Rosario,63-(490)684-1875
785,Larry,Morrison,772455.52,86941 Eggendart Way,Calçada,351-(910)944-7338
786,Pamela,Payne,815413.78,847 Bellgrove Lane,New York City,1-(646)941-2520
787,Jimmy,Sanchez,210420.35,1034 Waywood Place,Petit Raffray,230-(255)417-0799
788,Diana,Washington,871403.19,622 Randy Plaza,Villa Allende,54-(365)751-2860
789,Kathleen,Martinez,221373.38,96779 Banding Crossing,San Vicente,63-(962)878-9048
790,Gerald,Wilson,754567.51,0273 Fallview Road,Sukadana,62-(902)206-3689
791,Roger,Hawkins,418045.48,5936 Sutteridge Hill,Cabay,63-(843)482-7788
792,Ryan,Ferguson,873320.71,38 Karstens Crossing,Nakhchivan,994-(378)648-1468
793,Rachel,Walker,230769.24,87773 Stone Corner Court,Zabrušany,420-(732)695-0095
794,Benjamin,Johnston,588686.34,7 Merry Place,Bayan,86-(152)378-0407
795,Jerry,Hansen,432815.06,00944 Bultman Center,Gérakas,30-(470)375-5920
796,Todd,Martin,475723.38,55 Tennyson Terrace,Sevan,374-(412)168-4345
797,Nicole,Brown,327574.27,5347 Schmedeman Drive,Sam Chuk,66-(569)504-7067
798,Nicholas,Garza,475462.21,5 Independence Trail,Kuczbork-Osada,48-(435)147-2080
799,Stephen,Wilson,943197.66,59318 Ruskin Drive,Nangka,63-(273)624-9454
800,Jonathan,Alvarez,456613.1,9 Walton Road,Claye-Souilly,33-(765)421-2859
801,Cynthia,Gutierrez,735848.97,8354 1st Way,Kōchi-shi,81-(166)486-5548
802,Gloria,Parker,949474.7,1930 Dapin Street,Popovi,387-(488)113-3564
803,Dorothy,Fowler,589057.88,50365 Russell Drive,Yushu,86-(925)109-6186
804,Catherine,Rivera,974970.0,0039 Sage Center,Tegallega,62-(652)616-6700
805,Martin,Reyes,576192.83,91048 Shelley Point,Sipeng,86-(239)496-7189
806,Judith,White,492552.31,74 High Crossing Place,Planá,420-(104)226-1775
807,Justin,Harris,346080.98,45 Blue Bill Park Court,Junchuan,86-(513)500-5700
808,Ralph,Gutierrez,607312.79,4 Vernon Place,Bjärred,46-(361)404-9826
809,Carolyn,Chapman,949251.48,17 Leroy Plaza,Ashtarak,374-(614)463-5169
810,Timothy,Stone,642136.52,68448 Packers Plaza,Purabaya,62-(815)786-4770
811,Linda,West,414910.81,76 Russell Terrace,Kalimeneng,62-(121)614-3453
812,Deborah,Ferguson,659435.11,8 Truax Court,Kuhmalahti,358-(104)572-9793
813,Kenneth,Long,665167.48,54 Talisman Junction,Dunmanway,353-(208)228-5082
814,Andrea,Diaz,420063.89,02 Loeprich Court,São Martinho de Árvore,351-(705)278-3600
815,Paul,Olson,261517.72,12 Gina Trail,Dongshan,86-(279)555-7178
816,Jessica,Russell,370607.53,979 Anderson Court,Tan-Tan,212-(155)943-8448
817,Andrew,Elliott,336298.65,67486 Marquette Street,Raci Kulon,62-(670)406-2514
818,Jason,Barnes,968926.7,361 Mccormick Point,Lyubinskiy,7-(767)177-4844
819,Victor,Moore,477628.81,2 Hayes Drive,Dawei,95-(128)109-9574
820,Jose,Murray,339682.77,586 Fisk Way,Sarbīsheh,98-(671)664-1601
821,Henry,Myers,324869.61,74 Briar Crest Point,Chochkan,374-(606)351-4646
822,Louise,Reed,899651.24,0 Blaine Road,Merke,7-(293)474-3304
823,Earl,Edwards,652406.01,532 David Park,Asan-Maina Village,1-(618)310-9861
824,Benjamin,Carroll,991395.45,1865 Magdeline Way,Parengan,62-(618)681-9587
825,Karen,Riley,332182.45,8 Crescent Oaks Way,Dīla,251-(152)633-6189
826,Bobby,Walker,636345.44,22 Sycamore Road,Narail,880-(636)944-1751
827,Arthur,Ferguson,535110.77,36 Warbler Avenue,Enzan,81-(238)736-5838
828,Jack,Porter,695296.76,6 Grayhawk Park,Tchamba,228-(298)997-1148
829,Susan,Davis,407506.97,0 Norway Maple Crossing,Kol’chugino,7-(469)322-8820
830,Alice,Harris,904253.25,010 Lien Road,Omaha,1-(402)169-6329
831,Wayne,Ross,961543.0,1734 Clove Court,Gongdao,86-(202)731-9779
832,Tina,Willis,491342.92,666 Stoughton Center,Pujiang,86-(387)614-9885
833,Gerald,Harrison,153665.52,97757 Iowa Point,Korobitsyno,7-(670)524-6984
834,Earl,Harper,752373.0,041 Carey Terrace,Gose,81-(402)605-9068
835,Victor,Hunt,377042.98,20047 Redwing Junction,Tsagaan-Owoo,976-(185)728-6086
836,Denise,Lane,431322.18,6387 Clemons Terrace,Mazha,86-(284)699-6462
837,Annie,West,866648.14,068 Starling Avenue,Uddevalla,46-(526)325-8345
838,Rachel,Henderson,158614.5,987 Marcy Park,Lyon,33-(850)891-1373
839,Anthony,Hanson,725805.51,90694 Victoria Pass,Gubskaya,7-(405)595-7750
840,Shirley,Hunt,562546.74,3 Lyons Lane,Trelleborg,46-(271)159-6986
841,Frank,Gibson,292770.13,38934 Kedzie Pass,Panyingkiran,62-(396)395-2452
842,Jose,Howell,726216.71,5516 Superior Crossing,Zhoupu,86-(806)581-0574
843,Paul,Jackson,983501.72,99398 Glacier Hill Center,Miguel Aleman,52-(240)323-5367
844,Jose,West,566054.93,70629 Evergreen Road,Ansan-si,82-(843)708-9771
845,Johnny,Coleman,928697.45,7 Moose Junction,Cansolungon,63-(709)417-4077
846,Paula,Cruz,194992.18,895 Westport Center,Abua,234-(114)305-1169
847,Norma,Meyer,387592.03,46574 Magdeline Park,Energetik,7-(914)982-6591
848,Marie,Burton,289066.38,55 Arkansas Lane,Góra,48-(538)921-8340
849,Diana,Gordon,607000.2,811 4th Trail,Cashel,353-(624)440-9627
850,Frances,Bell,688721.68,88756 Nobel Point,Changchi,86-(888)880-4677
851,Brian,Payne,353068.46,63554 Eagle Crest Place,Camachile,63-(539)371-1787
852,Peter,White,238786.1,92922 Donald Pass,Ibiporã,55-(119)218-3846
853,Joan,Alvarez,952384.0,16 Loomis Street,Lensk,7-(914)817-9050
854,Ann,Nichols,786825.89,847 Mccormick Way,Tambilil,63-(925)451-7396
855,Anne,Wagner,633198.08,6873 Red Cloud Way,Xinmin,86-(707)154-0746
856,Evelyn,Allen,658222.15,2 Macpherson Drive,Krahës,355-(963)654-2241
857,Barbara,Weaver,831151.49,676 Dryden Way,Selebi-Phikwe,267-(209)371-1868
858,Bobby,Anderson,842426.64,0361 Cottonwood Hill,As Samawah,964-(159)742-7520
859,Anne,Harper,713854.4,62 Mitchell Alley,Deneysville,27-(675)130-0300
860,Samuel,Cook,541472.02,5267 Spohn Terrace,Thakhèk,856-(321)379-6570
861,Billy,Williamson,482308.08,4621 Ridge Oak Circle,Ol Kalou,254-(733)928-3304
862,Deborah,Larson,574427.0,9 Bluestem Trail,Nishinoomote,81-(167)940-3321
863,Emily,Little,540129.77,8 Homewood Alley,Södertälje,46-(736)716-3529
864,Christine,Lawson,934894.25,51712 Monument Park,Goraj,48-(401)536-5665
865,Samuel,Robinson,152451.66,798 Thompson Avenue,Tlogosari,62-(402)318-1015
866,Russell,White,980572.24,7 Oakridge Court,Rogóźno,48-(471)595-9771
867,Frances,Perry,164915.15,1556 Forest Run Center,Alcantara,63-(615)498-5875
868,Donna,Brooks,498153.66,46 Forest Alley,El Retén,57-(322)271-8943
869,Matthew,Stevens,153943.91,5824 Browning Trail,Karangdalam,62-(866)640-9824
870,Jane,Carroll,914531.67,9 Vernon Terrace,Beichan,86-(350)489-1190
871,Douglas,Coleman,469525.63,0272 Golden Leaf Point,Dongpu,86-(630)129-8382
872,Kevin,Gonzalez,222830.29,27 Dennis Road,Casal de São João,351-(993)185-6372
873,Jonathan,Mccoy,679132.09,1 Prairieview Hill,Matsubase,81-(855)849-5942
874,Theresa,Ramos,658713.0,53 Rieder Plaza,Žďár,420-(133)384-4484
875,Rose,Moore,777898.07,4 Roxbury Place,Povorino,7-(662)351-7458
876,Wayne,Martinez,630884.0,62710 Old Gate Place,Lishu,86-(239)237-2111
877,Mildred,Cole,472481.4,5 Upham Center,Cabudare,58-(798)665-8997
878,Joan,Cox,677114.27,59422 Knutson Hill,Lucma,51-(300)713-6961
879,Karen,Dixon,603327.35,9 Pond Center,Lebak,62-(301)447-3880
880,Judith,Burke,556089.26,6 Service Trail,Kaliro,256-(402)854-6343
881,Nicholas,Ramos,759045.8,85 Boyd Alley,Chencai,86-(708)122-5926
882,Ruby,Butler,842125.57,40957 Melvin Avenue,Āqchah,93-(249)343-1268
883,Victor,Reid,606283.33,38 Golden Leaf Circle,Bagay,63-(847)209-9194
884,Paul,Montgomery,203511.03,7295 Bunker Hill Pass,San Pedro,591-(195)972-4416
885,Susan,Black,538433.12,9 Del Mar Plaza,Vinica,389-(341)359-2844
886,Sharon,Hill,851326.29,6933 Anniversary Trail,Łużna,48-(715)873-9220
887,Johnny,Wells,895618.28,21 Autumn Leaf Plaza,Jundiaí,55-(906)769-7230
888,Keith,Hawkins,213788.47,7 Blackbird Street,Strzelce Krajeńskie,48-(934)336-8699
889,Henry,West,800887.91,1 John Wall Terrace,Brea Pozo,54-(698)393-5398
890,Julie,George,445653.31,769 Forest Pass,Shorko,92-(456)822-3837
891,Victor,Mason,860440.36,94 Mayer Park,Krasnyy Klyuch,7-(444)296-7706
892,Andrea,Armstrong,554753.16,49691 Old Shore Circle,Mikumi,255-(656)954-0867
893,Frances,Freeman,970153.94,0193 American Ash Pass,Puerto Alto,504-(582)205-6078
894,David,Graham,542621.64,3799 Glacier Hill Court,Tours,33-(238)608-5197
895,Jeremy,Weaver,423126.04,72 Crowley Place,Korostyshiv,380-(189)755-1943
896,Mildred,Adams,671544.93,1 Cascade Drive,Prnjavor,381-(362)329-8519
897,Shirley,Wells,562033.0,749 Birchwood Way,Akropong,233-(208)949-9383
898,Rachel,Jordan,382586.0,46 Mandrake Crossing,Enhe Hada,86-(331)346-6701
899,Arthur,Castillo,942814.8,856 Oakridge Plaza,Brckovljani,385-(666)507-9285
900,Ernest,Cooper,227288.13,3115 Stephen Court,Banjar Pande,62-(593)216-0585
901,Margaret,Moore,253668.4,89 Shoshone Crossing,Yidu,86-(756)969-9751
902,Paul,Robinson,688688.29,9007 Portage Center,Haapajärvi,358-(224)974-6324
903,Christine,Carter,398647.92,24 Esch Court,Giồng Trôm,84-(644)158-4693
904,Jean,Wheeler,193736.91,7537 La Follette Drive,Pirojpur,880-(938)432-2286
905,Kathleen,Mccoy,399801.82,879 Nelson Hill,Leeds,44-(502)942-3391
906,Joyce,Gardner,549317.39,1 Glacier Hill Drive,Ōsaka-shi,81-(517)833-0341
907,Bobby,Gray,538930.0,24973 Oakridge Crossing,Santa Ana,63-(904)579-4415
908,Kathy,Griffin,506182.02,22 Ohio Pass,Mae Charim,66-(294)510-7343
909,Gloria,Weaver,856356.07,432 Summit Parkway,Polo,63-(211)550-9264
910,Charles,Williamson,899734.93,023 Cordelia Crossing,Póvoa de Penela,351-(178)917-5936
911,Jacqueline,Ryan,161108.67,70 Northwestern Center,Santana,55-(809)627-7175
912,Janice,Gomez,157643.21,0 Corscot Plaza,Daguyun,86-(152)985-8963
913,Rachel,Ferguson,864150.85,415 Ohio Point,Chorkówka,48-(536)432-3546
914,Billy,Stone,841556.9,59 Magdeline Alley,Kuala Lumpur,60-(546)354-4682
915,Carol,Watson,830394.27,7 Michigan Avenue,Dolores,598-(131)463-4651
916,Walter,Collins,667220.65,6913 Buell Center,Huacrapuquio,51-(547)510-4037
917,Harold,Perry,491439.88,351 North Circle,Walahir,62-(204)359-1539
918,Phyllis,Rose,607811.02,2 Browning Plaza,Jinping,86-(200)662-3146
919,Martha,Fowler,497530.24,7487 Veith Trail,Leninskiy,7-(846)274-8277
920,Judy,Bishop,512760.1,7 Gina Pass,Saseel,62-(346)296-8807
921,Joseph,Wagner,972488.79,13 Pine View Place,Boca Suno,593-(202)189-6755
922,Keith,Lawrence,842901.94,5675 Brentwood Way,Francos,351-(890)310-0058
923,Larry,Burton,513028.55,7 Shasta Way,Świnna,48-(669)674-2688
924,Teresa,Watson,524672.62,320 Hanson Park,Jiachuan,86-(573)540-5396
925,Virginia,Hicks,158455.63,832 Myrtle Pass,Poja Nae,62-(110)374-6286
926,Kelly,Lynch,514424.53,06955 Warrior Street,Dazhipo,86-(378)808-0960
927,Martha,Hayes,644483.65,4540 Nelson Alley,Porvenir,598-(730)224-7798
928,Peter,Martinez,155697.4,3 Rutledge Street,Uychi,998-(931)184-8698
929,Paul,Wells,215646.93,56 Springs Alley,Skórzec,48-(591)232-6827
930,Brenda,Pierce,303201.52,04 Delladonna Pass,Xiwanzi,86-(271)423-4184
931,Johnny,Thomas,289009.61,4422 Northwestern Parkway,Harstad,47-(101)152-7010
932,Gerald,Cooper,229651.85,87 Knutson Street,Cogon,63-(711)284-9851
933,Wayne,Kelley,855494.7,10959 Fieldstone Plaza,Bayan,62-(397)722-9776
934,Judy,Murray,177725.59,7 Crownhardt Place,Koška,385-(178)842-5278
935,Harry,Nguyen,237050.87,2894 Derek Trail,Puhja,372-(213)444-8375
936,Evelyn,Lawrence,699394.83,49255 Algoma Crossing,Buđanovci,381-(115)826-2737
937,Jose,Ellis,620922.0,50 Gerald Plaza,Kangmei,86-(104)583-2427
938,Christine,Spencer,758636.0,6348 Fieldstone Junction,Nunleu,62-(377)364-7251
939,Daniel,Garrett,827392.42,74 Oakridge Avenue,Kandy,94-(712)398-8531
940,Henry,Harper,186444.0,12304 Hayes Hill,Estreito Câmara de Lobos,351-(194)625-7383
941,Anthony,Hunter,651102.3,955 Briar Crest Crossing,Ballylinan,353-(345)128-9440
942,Joseph,Collins,608219.32,073 Fulton Center,Banjing,86-(691)761-2936
943,Deborah,Wright,521131.14,79 Utah Drive,Jinzao,86-(767)343-6359
944,Steven,Mills,667062.27,14038 Bultman Avenue,Raškovice,420-(644)453-3072
945,Anne,Hawkins,415421.32,3380 Mallory Circle,Poříčí nad Sázavou,420-(625)310-6088
946,Nicole,Wagner,261690.11,6 Commercial Junction,Yongdong,86-(963)851-2192
947,Earl,Hudson,837063.31,404 Dovetail Parkway,Zhushan,86-(562)935-2519
948,Robin,Reynolds,725815.48,0277 Mendota Circle,La Guama,504-(761)456-7184
949,Melissa,Ellis,426261.44,64214 4th Terrace,Leuwibuleud,62-(618)416-1195
950,Patricia,Brown,795402.94,07 Tennyson Place,Tecka,54-(423)138-6891
951,Joe,Myers,338832.55,4449 Merchant Parkway,Düsseldorf,49-(413)776-5386
952,Jean,Spencer,465798.9,6228 Mandrake Terrace,Espumoso,55-(206)443-0739
953,Jennifer,Carroll,980021.77,29287 Morningstar Crossing,Guarapuava,55-(659)196-3628
954,Lori,Jacobs,515566.61,89 Eliot Lane,Babakantonggoh,62-(810)314-6403
955,Harold,Foster,478813.93,02 Buell Hill,Punta Arenas,56-(292)283-5278
956,Scott,Willis,940356.69,45839 Lindbergh Circle,Ploso Wetan,62-(753)766-3455
957,Jennifer,White,549532.0,084 Sauthoff Street,Bánica,1-(354)501-3709
958,Tina,Bennett,428596.95,95110 Basil Lane,Duwayr Raslān,963-(846)755-4393
959,Kenneth,Hayes,616787.51,67829 Victoria Lane,Chortkiv,380-(751)971-2127
960,Amy,Lopez,734561.23,1605 Union Trail,‘Abbāsābād,98-(940)287-2560
961,Tina,Butler,716060.16,7346 Norway Maple Avenue,Kinzan,82-(516)184-3876
962,Randy,Duncan,944943.72,252 Kensington Terrace,Huixing,86-(444)370-5039
963,Janice,Harrison,675457.77,4 7th Avenue,Maticmatic,63-(385)219-5030
964,Maria,Lopez,395358.76,673 South Plaza,Vári,30-(433)681-2901
965,Brenda,Jordan,957382.35,7 Pierstorff Place,Steinkjer,47-(727)755-0799
966,Alice,Baker,634129.08,88 South Trail,Oktyabr’sk,7-(115)625-2772
967,Helen,Robinson,975065.5,482 Monterey Junction,Best,31-(152)842-1409
968,Sean,Graham,515466.06,59 Grasskamp Court,Charlotte,1-(704)243-5362
969,Jeffrey,Warren,208254.09,8839 Heath Hill,San Buenaventura,51-(534)411-7183
970,Donald,Frazier,711433.0,05 Hooker Lane,Naukot,92-(933)275-0800
971,Jerry,Riley,587348.0,43 Jenifer Way,Genève,41-(218)164-9772
972,Joseph,Hughes,745907.87,7 Autumn Leaf Junction,Myhove,380-(507)434-6485
973,David,Diaz,445414.0,019 8th Center,Reutov,7-(602)215-0586
974,Carl,Alexander,465312.2,01 Straubel Avenue,La Gi,84-(605)903-0637
975,Joan,Harvey,550118.28,6 Londonderry Place,Åtvidaberg,46-(647)926-6318
976,Jane,Kelly,178155.47,9 Shelley Parkway,Nianba,86-(563)137-0441
977,Ashley,Stewart,320182.57,23 Dovetail Circle,Karlstad,46-(278)765-9558
978,Rebecca,Smith,984408.36,9 Sycamore Trail,Cambarus,63-(315)363-4451
979,Janice,Freeman,434822.81,83 Holy Cross Drive,Magitang,86-(418)979-8460
980,Sara,Moreno,203122.4,8310 Hooker Hill,Perdões,55-(797)923-4550
981,Aaron,Larson,603088.23,2 Pawling Parkway,Austin,1-(512)836-1370
982,Gerald,King,689023.62,59394 Spohn Junction,Kasempa,260-(653)616-4213
983,Emily,Price,963790.71,12162 Hooker Terrace,Tandayag,63-(907)718-8952
984,Melissa,Sanders,332326.54,93 Artisan Avenue,Pinsk,375-(917)837-1373
985,Judith,Taylor,390031.15,6 Merry Court,Saratak,374-(552)813-3582
986,Jessica,Kelly,620859.27,7457 Vermont Street,Rouen,33-(552)605-2568
987,Karen,Scott,180592.59,0 Straubel Road,Shilovo,7-(611)466-5850
988,Clarence,Ellis,420325.27,359 Mayfield Terrace,Brataj,355-(492)312-9311
989,Martin,Robertson,175418.91,3 Jenna Street,Tsotsin-Yurt,7-(637)382-0113
990,Beverly,Gonzalez,156512.44,38 Mccormick Park,Ḩalḩūl,970-(554)359-1842
991,Debra,Ellis,339265.07,38361 Carpenter Plaza,Kauswagan,63-(917)176-1600
992,Gary,Grant,194808.2,17 Birchwood Center,Guozhuang,86-(648)606-3919
993,Louis,Lee,449054.0,7 Dayton Plaza,Tigaon,63-(432)678-0534
994,Phillip,Fisher,971021.83,977 Clemons Alley,Novopokrovskaya,7-(960)348-1699
995,Peter,Kelley,247468.46,94729 Boyd Pass,La Roche-sur-Yon,33-(162)907-7703
996,Cheryl,Gray,202539.46,173 Granby Terrace,Phra Pradaeng,66-(290)772-7853
997,Matthew,Jordan,996614.64,4965 Oak Valley Way,Qingzhou,86-(202)366-9567
998,Willie,Morrison,393363.16,1 Pleasure Drive,Mölnlycke,46-(741)608-1169
999,Teresa,Mitchell,166852.19,71568 Hoard Pass,Karlstad,46-(596)336-9935
1000,Frank,Day,859217.0,44496 Kenwood Road,Bangolo,225-(777)760-3312
